match_id,minute,type,primary,secondary,score
1,N/A,Additional Time,Additional time 6',,
1,N/A,Additional Time,Additional time 6',,
1,90'+7,VAR decision,Goal cancelled,F. López,
1,89',Substitution,Gavi,F. Torres,
1,88',Substitution,V. Muñoz,Vinícius Jr.,
1,87',Yellow card,Pedri,Foul,
1,84',Substitution,Endrick,L. Vázquez,
1,82',VAR decision,No penalty confirmed,F. Torres,
1,80',Yellow card,F. López,Foul,
1,77',Substitution,H. Fort,E. García,
1,77',Substitution,F. López,D. Olmo,
1,70',Goal,K. Mbappé,Vinícius Jr.,4 - 3
1,57',Substitution,A. Balde,G. Martín,
1,57',Substitution,A. Christensen,P. Cubarsí,
1,54',Yellow card,I. Martínez,Foul,
1,50',Yellow card,R. Asencio,Foul,
1,46',Substitution,L. Modrić,D. Ceballos,
1,46',Substitution,B. Díaz,A. Güler,
1,45',Goal,Raphinha,F. Torres,4 - 2
1,43',VAR decision,Penalty cancelled,K. Mbappé,
1,36',Yellow card,A. Tchouaméni,Foul,
1,34',Goal,Raphinha,Pedri,3 - 2
1,32',Goal,L. Yamal,F. Torres,2 - 2
1,29',Yellow card,F. Valverde,Foul,
1,19',Goal,E. García,F. Torres,1 - 2
1,14',Goal,K. Mbappé,Vinícius Jr.,0 - 2
1,5',Penalty,K. Mbappé,,0 - 1
1,-,Yellow card,R. Araújo,Argument,
1,FT,Score Update,FT 4 - 3,,4
1,HT,Score Update,HT 4 - 2,,4
2,N/A,Additional Time,Additional time 2',,
2,N/A,Additional Time,Additional time 6',,
2,N/A,Additional Time,Additional time 5',,
2,120'+4,Red card,J. Bellingham,Rescinded Card,
2,116',Goal,J. Koundé,,3 - 2
2,115',Substitution,P. Víctor,F. Torres,
2,111',Substitution,Endrick,A. Rüdiger,
2,107',Yellow card,J. Bellingham,Foul,
2,98',Substitution,E. García,Pedri,
2,90'+10,Yellow card,Raphinha,Simulation,
2,90'+8,VAR decision,Penalty cancelled,Raphinha,
2,90'+4,Yellow card,F. López,Foul,
2,90'+1,Yellow card,L. Modrić,Foul,
2,89',Substitution,B. Díaz,Vinícius Jr.,
2,85',Substitution,R. Araújo,G. Martín,
2,85',Substitution,Gavi,F. de Jong,
2,84',Goal,F. Torres,L. Yamal,2 - 2
2,77',Goal,A. Tchouaméni,A. Güler,1 - 2
2,70',Goal,K. Mbappé,,1 - 1
2,68',Yellow card,F. de Jong,Foul,
2,65',Substitution,F. López,D. Olmo,
2,55',Substitution,A. Güler,D. Ceballos,
2,55',Substitution,L. Modrić,L. Vázquez,
2,46',Substitution,K. Mbappé,Rodrygo,
2,37',Yellow card,G. Martín,Foul,
2,31',Yellow card,A. Tchouaméni,Foul,
2,28',Goal,Pedri,L. Yamal,1 - 0
2,11',Substitution,F. Garcia,F. Mendy,
2,-,Red card,L. Vázquez,Argument,
2,-,Red card,A. Rüdiger,Argument,
2,FT,Score Update,FT 2 - 2,,2
2,HT,Score Update,HT 1 - 0,,1
3,N/A,Additional Time,Additional time 6',,
3,N/A,Additional Time,Additional time 2',,
3,90'+5,Yellow card,P. González,Argument,
3,90'+1,Yellow card,Á. Rodriguez,Foul,
3,90'+1,Substitution,E. Camavinga,,
3,87',Yellow card,L. Milla,Rescinded Card,
3,83',Substitution,Juanmi,B. Mayoral,
3,83',Substitution,I. Bekhoucha,Djené,
3,78',Substitution,D. Ceballos,A. Güler,
3,73',Substitution,Rodrygo,Vinícius Jr.,
3,69',Yellow card,A. Tchouaméni,Foul,
3,69',Substitution,P. González,R. Terrats,
3,64',Substitution,J. Bellingham,Endrick,
3,50',Substitution,C. d. Costa,J. Berrocal,
3,50',Substitution,Á. Rodriguez,J. Iglesias,
3,46',Substitution,E. Camavinga,D. Alaba,
3,21',Goal,A. Güler,,0 - 1
3,FT,Score Update,FT 0 - 1,,0
3,HT,Score Update,HT 0 - 1,,0
4,N/A,Additional Time,Additional time 5',,
4,N/A,Additional Time,Additional time 7',,
4,90'+5,Substitution,O. Zinchenko,D. Rice,
4,90'+5,Substitution,B. White,J. Timber,
4,90'+5,Substitution,K. Tierney,G. Martinelli,
4,90'+3,Goal,G. Martinelli,M. Merino,1 - 2
4,85',Yellow card,T. Partey,Argument,
4,85',Yellow card,A. Rüdiger,Foul,
4,77',Substitution,L. Trossard,B. Saka,
4,75',Substitution,B. Díaz,K. Mbappé,
4,74',Substitution,L. Modrić,R. Asencio,
4,67',Goal,Vinícius Jr.,,1 - 1
4,65',Goal,B. Saka,M. Merino,0 - 1
4,61',Substitution,Endrick,L. Vázquez,
4,61',Substitution,F. Garcia,D. Alaba,
4,61',Substitution,D. Ceballos,Rodrygo,
4,36',Yellow card,D. Raya,Time wasting,
4,27',VAR decision,Penalty cancelled,K. Mbappé,
4,13',Missed penalty,B. Saka,Goalkeeper save,
4,11',Yellow card,R. Asencio,Foul,
4,10',VAR decision,Penalty awarded,M. Merino,
4,4',Yellow card,D. Alaba,Foul,
4,FT,Score Update,FT 1 - 2,,1
4,HT,Score Update,HT 0 - 0,,0
5,N/A,Additional Time,Additional time 7',,
5,N/A,Additional Time,Additional time 5',,
5,90'+8,Yellow card,S. Mouriño,Foul,
5,90'+7,Yellow card,T. Courtois,Time wasting,
5,90'+5,Yellow card,Vinícius Jr.,Foul,
5,90'+2,Substitution,D. Ceballos,F. Valverde,
5,88',Yellow card,L. Vázquez,Foul,
5,83',Substitution,P. C. D. L. Torre,C. Aleñá,
5,83',Substitution,C. Benavídez,A. Blanco,
5,80',Yellow card,E. Camavinga,Foul,
5,77',Yellow card,N. Tenaglia,Foul,
5,77',Substitution,B. Díaz,F. Garcia,
5,76',Substitution,A. Guevara,J. Jordán,
5,76',Substitution,M. Diarra,A. Abqar,
5,70',Red card,M. Sánchez,Foul,
5,69',VAR decision,Card changed,M. Sánchez,
5,62',Substitution,J. Bellingham,A. Güler,
5,62',Substitution,Vinícius Jr.,Rodrygo,
5,60',Substitution,T. Martínez,C. Martín,
5,55',Yellow card,C. Martín,Foul,
5,42',Yellow card,J. Jordán,Foul,
5,38',Red card,K. Mbappé,Foul,
5,38',VAR decision,Card changed,K. Mbappé,
5,34',Goal,E. Camavinga,F. Valverde,0 - 1
5,20',VAR decision,Goal cancelled,R. Asencio,
5,FT,Score Update,FT 0 - 1,,0
5,HT,Score Update,HT 0 - 1,,0
6,N/A,Additional Time,Additional time 4',,
6,N/A,Additional Time,Additional time 2',,
6,90'+4,Unknown,E. Camavinga,Argument,
6,90'+1,Substitution,B. White,J. Timber,
6,85',Substitution,B. Díaz,Rodrygo,
6,80',Substitution,K. Tierney,D. Rice,
6,80',Substitution,F. Garcia,D. Alaba,
6,75',Goal,M. Merino,M. Lewis-Skelly,3 - 0
6,74',Substitution,L. Trossard,B. Saka,
6,71',Substitution,L. Vázquez,L. Modrić,
6,70',Goal,D. Rice,,2 - 0
6,69',Yellow card,E. Camavinga,Foul,
6,58',Goal,D. Rice,,1 - 0
6,54',Yellow card,T. Partey,Foul,
6,FT,Score Update,FT 3 - 0,,3
6,HT,Score Update,HT 0 - 0,,0
7,N/A,Additional Time,Additional time 6',,
7,N/A,Additional Time,Additional time 3',,
7,90'+8,Yellow card,C. Mosquera,Time wasting,
7,90'+5,Goal,H. Duro,R. Mir,1 - 2
7,90'+4,Substitution,H. Guillamón,E. Barrenechea,
7,85',Substitution,A. Güler,L. Vázquez,
7,77',Substitution,E. Camavinga,F. Garcia,
7,77',Substitution,D. Alaba,Vinícius Jr.,
7,77',Substitution,Endrick,L. Modrić,
7,74',Substitution,Pepelu,J. Guerra,
7,74',Substitution,F. Pérez,A. Almeida,
7,74',Substitution,H. Duro,M. Aarons,
7,59',Substitution,R. Mir,U. Sadiq,
7,57',Substitution,Rodrygo,B. Díaz,
7,50',Goal,Vinícius Jr.,J. Bellingham,1 - 1
7,46',Yellow card,U. Sadiq,Foul,
7,22',VAR decision,Goal cancelled,M. Diakhaby,
7,15',Goal,M. Diakhaby,A. Almeida,0 - 1
7,13',Missed penalty,Vinícius Jr.,Goalkeeper save,
7,11',VAR decision,Penalty confirmed,K. Mbappé,
7,10',Yellow card,C. Tárrega,Foul,
7,-,Yellow card,M. Aarons,,
7,FT,Score Update,FT 1 - 2,,1
7,HT,Score Update,HT 0 - 1,,0
8,N/A,Additional Time,Additional time 1',,
8,N/A,Additional Time,Additional time 7',,
8,N/A,Additional Time,Additional time 3',,
8,115',Goal,A. Rüdiger,A. Güler,4 - 4
8,106',Yellow card,J. A. Olasagasti,Foul,
8,106',Substitution,O. S. Óskarsson,M. Oyarzabal,
8,106',Substitution,A. Mariezkurrena,T. Kubo,
8,106',Substitution,A. Güler,Rodrygo,
8,106',Substitution,B. Díaz,R. Asencio,
8,91',Substitution,J. A. Olasagasti,P. Marín,
8,91',Substitution,F. Garcia,E. Camavinga,
8,91',Substitution,A. Rüdiger,D. Alaba,
8,90'+3,Goal,M. Oyarzabal,S. Gómez,3 - 4
8,90'+2,Yellow card,E. Camavinga,Foul,
8,87',Yellow card,M. Oyarzabal,Argument,
8,86',Goal,A. Tchouaméni,Rodrygo,3 - 3
8,82',Goal,J. Bellingham,Vinícius Jr.,2 - 3
8,80',Goal,M. Oyarzabal,T. Kubo,1 - 3
8,79',Substitution,H. Traoré,J. Aramburu,
8,79',Substitution,L. Modrić,L. Vázquez,
8,74',Yellow card,J. Aramburu,Foul,
8,72',Own goal,D. Alaba,,1 - 2
8,68',Substitution,S. Gómez,A. Barrenetxea,
8,66',Substitution,K. Mbappé,Endrick,
8,30',Goal,Endrick,Vinícius Jr.,1 - 1
8,27',Substitution,A. Elustondo,N. Aguerd,
8,16',Goal,A. Barrenetxea,P. Marín,0 - 1
8,-,Yellow card,J. López,Argument,
8,FT,Score Update,FT 3 - 4,,3
8,HT,Score Update,HT 1 - 1,,1
9,N/A,Additional Time,Additional time 8',,
9,N/A,Additional Time,Additional time 4',,
9,89',Yellow card,Ó. Rodríguez,Foul,
9,86',Substitution,Y. Diomande,J. Cruz,
9,86',Substitution,M. d. l. Fuente,D. Raba,
9,86',Substitution,D. Brašanac,R. Tapia,
9,83',Substitution,M. E. Haddadi,D. Garcia,
9,81',Substitution,A. Tchouaméni,L. Modrić,
9,76',Goal,K. Mbappé,F. Garcia,3 - 2
9,74',Yellow card,R. Tapia,Foul,
9,72',Substitution,F. Valverde,L. Vázquez,
9,66',Substitution,S. Cisse,Y. Neyou,
9,65',Yellow card,D. Garcia,Foul,
9,62',Substitution,Rodrygo,A. Güler,
9,62',Substitution,Vinícius Jr.,B. Díaz,
9,62',Yellow card,J. Hernández,Argument,
9,62',Yellow card,R. Asencio,Argument,
9,47',Goal,J. Bellingham,,2 - 2
9,41',Goal,D. Raba,Ó. Rodríguez,1 - 2
9,34',Goal,D. Garcia,,1 - 1
9,32',Penalty,K. Mbappé,,1 - 0
9,FT,Score Update,FT 3 - 2,,3
9,HT,Score Update,HT 1 - 2,,1
10,N/A,Penalty,A. Rüdiger,,2 - 4
10,N/A,Missed penalty,M. Llorente,Off target,
10,N/A,Missed penalty,L. Vázquez,Goalkeeper save,
10,N/A,Penalty,Á. Correa,,2 - 3
10,N/A,Penalty,F. Valverde,,1 - 3
10,N/A,Missed penalty,J. Álvarez,,
10,N/A,Penalty,J. Bellingham,,1 - 2
10,N/A,Penalty,A. Sørloth,,1 - 1
10,N/A,Penalty,K. Mbappé,,0 - 1
10,N/A,Additional Time,Additional time 2',,
10,N/A,Additional Time,Additional time 4',,
10,127',Yellow card,K. Mbappé,Argument,
10,124',Unknown,Reviewed,J. Álvarez,
10,115',Substitution,Endrick,Vinícius Jr.,
10,115',Yellow card,M. Llorente,Argument,
10,115',Yellow card,L. Vázquez,Time wasting,
10,114',Yellow card,C. Azpilicueta,Foul,
10,98',Substitution,C. Azpilicueta,R. Mandava,
10,91',Substitution,R. Le Normand,C. Lenglet,
10,90'+4,Substitution,N. Molina,R. de Paul,
10,89',Substitution,A. Sørloth,A. Griezmann,
10,89',Substitution,Á. Correa,G. Simeone,
10,85',Substitution,S. Lino,C. Gallagher,
10,83',Substitution,F. Garcia,F. Mendy,
10,79',Substitution,B. Díaz,Rodrygo,
10,70',Missed penalty,Vinícius Jr.,Off target,
10,68',Yellow card,C. Lenglet,Foul,
10,66',Yellow card,G. Simeone,Persistent fouling,
10,65',Substitution,L. Vázquez,L. Modrić,
10,65',Substitution,E. Camavinga,A. Tchouaméni,
10,59',Yellow card,Vinícius Jr.,Foul,
10,39',Yellow card,A. Tchouaméni,Foul,
10,1',Goal,C. Gallagher,,1 - 0
10,FT,Score Update,FT 1 - 0,,1
10,HT,Score Update,HT 1 - 0,,1
11,N/A,Additional Time,Additional time 3',,
11,N/A,Additional Time,Additional time 3',,
11,90'+2,Yellow card,L. Modrić,Time wasting,
11,86',Substitution,B. Díaz,J. Bellingham,
11,85',Substitution,S. Guardiola,A. Espino,
11,85',Substitution,U. López,P. I. Ciss,
11,85',Yellow card,A. Tchouaméni,Foul,
11,79',Yellow card,Vinícius Jr.,,
11,79',Substitution,E. Camavinga,K. Mbappé,
11,70',Substitution,Ó. Valentín,A. Embarba,
11,70',Substitution,I. Balliu,P. Díaz,
11,70',Substitution,Ó. Trejo,G. Gumbau,
11,68',Substitution,F. Valverde,Rodrygo,
11,63',Yellow card,G. Gumbau,Foul,
11,45'+3,VAR decision,Goal awarded,P. Díaz,
11,45'+2,Goal,P. Díaz,Á. García,2 - 1
11,34',Goal,Vinícius Jr.,L. Modrić,2 - 0
11,30',Goal,K. Mbappé,,1 - 0
11,FT,Score Update,FT 2 - 1,,2
11,HT,Score Update,HT 2 - 1,,2
12,N/A,Additional Time,Additional time 3',,
12,89',Substitution,Endrick,B. Díaz,
12,82',Substitution,L. Vázquez,F. Valverde,
12,75',Substitution,A. Sørloth,P. Barrios,
12,75',Substitution,Á. Correa,R. de Paul,
12,71',Substitution,R. Le Normand,A. Griezmann,
12,64',Substitution,C. Gallagher,S. Lino,
12,64',Substitution,N. Molina,G. Simeone,
12,62',Substitution,L. Modrić,E. Camavinga,
12,56',Yellow card,B. Díaz,,
12,55',Goal,B. Díaz,F. Mendy,2 - 1
12,32',Goal,J. Álvarez,J. Galán,1 - 1
12,4',Goal,Rodrygo,F. Valverde,1 - 0
12,FT,Score Update,FT 2 - 1,,2
12,HT,Score Update,HT 1 - 1,,1
13,N/A,Additional Time,Additional time 4',,
13,N/A,Additional Time,Additional time 2',,
13,90',Substitution,Natan,S. Altimira,
13,90',Yellow card,S. Altimira,Foul,
13,86',Yellow card,Vinícius Jr.,Argument,
13,85',Substitution,F. Garcia,F. Mendy,
13,82',Yellow card,C. Ávila,Foul,
13,81',Yellow card,Isco,Foul,
13,80',Substitution,C. Bakambu,Y. Sabaly,
13,80',Substitution,A. Ruibal,C. Hernández,
13,75',Substitution,Endrick,K. Mbappé,
13,71',Substitution,C. Ávila,J. Rodriguez,
13,59',Substitution,E. Camavinga,D. Alaba,
13,59',Substitution,A. Güler,B. Díaz,
13,57',Yellow card,D. Alaba,Foul,
13,54',Penalty,Isco,,2 - 1
13,53',Yellow card,A. Rüdiger,Foul,
13,34',Goal,J. Cardoso,Isco,1 - 1
13,32',Yellow card,L. Modrić,Foul,
13,10',Goal,B. Díaz,F. Mendy,0 - 1
13,FT,Score Update,FT 2 - 1,,2
13,HT,Score Update,HT 1 - 1,,1
14,N/A,Additional Time,Additional time 4',,
14,N/A,Additional Time,Additional time 3',,
14,90'+4,Substitution,D. Ceballos,,
14,88',Substitution,F. Mendy,E. Camavinga,
14,86',Yellow card,L. Vázquez,Foul,
14,84',Substitution,B. Díaz,Vinícius Jr.,
14,84',Substitution,Rodrygo,A. Güler,
14,83',Substitution,J. López,A. Muñoz,
14,77',Substitution,A. Elustondo,N. Aguerd,
14,77',Substitution,O. S. Óskarsson,M. Oyarzabal,
14,72',Substitution,D. Alaba,Endrick,
14,64',Substitution,P. Marín,L. Sučić,
14,64',Substitution,S. Becker,A. Barrenetxea,
14,46',Substitution,L. Vázquez,R. Asencio,
14,45'+1,Yellow card,R. Asencio,Foul,
14,19',Goal,Endrick,J. Bellingham,0 - 1
14,FT,Score Update,FT 0 - 1,,0
14,HT,Score Update,HT 0 - 1,,0
15,N/A,Additional Time,Additional time 3',,
15,N/A,Additional Time,Additional time 1',,
15,90',Substitution,Endrick,Vinícius Jr.,
15,86',Substitution,A. Rüdiger,L. Modrić,
15,83',Goal,Vinícius Jr.,K. Mbappé,2 - 0
15,75',Substitution,B. Miovski,M. Gutiérrez,
15,73',Substitution,E. Camavinga,D. Alaba,
15,73',Substitution,D. Ceballos,B. Díaz,
15,70',Yellow card,J. Solís,Foul,
15,66',Substitution,Y. Asprilla,A. Danjuma,
15,66',Substitution,B. Gil,I. Martín,
15,66',Substitution,J. Solís,O. Romeu,
15,64',Yellow card,L. Krejčí,Foul,
15,56',Substitution,Arthur,D. v. d. Beek,
15,41',Goal,L. Modrić,,1 - 0
15,FT,Score Update,FT 2 - 0,,2
15,HT,Score Update,HT 1 - 0,,1
16,N/A,Additional Time,Additional time 2',,
16,N/A,Additional Time,Additional time 2',,
16,90'+2,Goal,N. González,,3 - 1
16,90',Substitution,Endrick,Vinícius Jr.,
16,90',Substitution,D. Alaba,F. Valverde,
16,83',Substitution,L. Modrić,A. Tchouaméni,
16,78',Substitution,B. Díaz,K. Mbappé,
16,78',Substitution,E. Camavinga,D. Ceballos,
16,77',Substitution,J. McAtee,P. Foden,
16,77',Substitution,M. Kovačić,İ. Gündoğan,
16,61',Goal,K. Mbappé,F. Valverde,3 - 0
16,47',Yellow card,N. González,Foul,
16,38',Yellow card,J. Bellingham,Foul,
16,33',Goal,K. Mbappé,Rodrygo,2 - 0
16,28',Yellow card,İ. Gündoğan,Foul,
16,8',Substitution,N. Aké,J. Stones,
16,4',Goal,K. Mbappé,R. Asencio,1 - 0
16,FT,Score Update,FT 3 - 1,,3
16,HT,Score Update,HT 2 - 0,,2
17,N/A,Additional Time,Additional time 4',,
17,N/A,Additional Time,Additional time 2',,
17,87',Substitution,R. García,A. Budimir,
17,79',Substitution,M. Gómez,B. Zaragoza,
17,79',Substitution,I. Muñoz,J. Moncayola,
17,73',Yellow card,A. Oroz,Foul,
17,69',Substitution,Rodrygo,B. Díaz,
17,59',Substitution,A. Bretones,J. Cruz,
17,59',Substitution,R. Peña,J. Areso,
17,58',Penalty,A. Budimir,,1 - 1
17,57',Yellow card,E. Camavinga,Foul,
17,56',VAR decision,Penalty awarded,A. Budimir,
17,52',Yellow card,J. Cruz,Foul,
17,48',Yellow card,J. Areso,Off the ball foul,
17,39',Red card,J. Bellingham,Argument,
17,15',Goal,K. Mbappé,F. Valverde,0 - 1
17,FT,Score Update,FT 1 - 1,,1
17,HT,Score Update,HT 0 - 1,,0
18,N/A,Additional Time,Additional time 3',,
18,N/A,Additional Time,Additional time 4',,
18,90'+2,Goal,J. Bellingham,Vinícius Jr.,2 - 3
18,90'+2,Substitution,F. Garcia,K. Mbappé,
18,86',Goal,B. Díaz,,2 - 2
18,84',Substitution,B. Díaz,Rodrygo,
18,84',Substitution,O. Marmoush,Savinho,
18,84',Substitution,İ. Gündoğan,K. De Bruyne,
18,81',Substitution,L. Modrić,D. Ceballos,
18,80',Penalty,E. Haaland,,2 - 1
18,61',Substitution,M. Kovačić,N. Aké,
18,60',Goal,K. Mbappé,D. Ceballos,1 - 1
18,46',Substitution,R. Lewis,M. Akanji,
18,30',Substitution,P. Foden,J. Grealish,
18,19',Goal,E. Haaland,J. Gvardiol,1 - 0
18,FT,Score Update,FT 2 - 3,,2
18,HT,Score Update,HT 1 - 0,,1
19,N/A,Additional Time,Additional time 3',,
19,N/A,Additional Time,Additional time 4',,
19,90'+2,Yellow card,A. Sørloth,Foul,
19,88',Substitution,B. Díaz,Rodrygo,
19,81',Substitution,A. Sørloth,J. Álvarez,
19,81',Substitution,L. Modrić,L. Vázquez,
19,80',Substitution,E. Camavinga,D. Ceballos,
19,77',Substitution,Á. Correa,R. de Paul,
19,64',Substitution,R. Mandava,J. Galán,
19,64',Substitution,Koke,S. Lino,
19,64',Substitution,N. Molina,G. Simeone,
19,50',Goal,K. Mbappé,,1 - 1
19,49',Yellow card,J. Galán,Foul,
19,45'+4,Yellow card,C. Lenglet,Foul,
19,35',Penalty,J. Álvarez,,0 - 1
19,33',VAR decision,Penalty awarded,S. Lino,
19,25',Yellow card,D. Ceballos,Foul,
19,FT,Score Update,FT 1 - 1,,1
19,HT,Score Update,HT 0 - 1,,0
20,N/A,Additional Time,Additional time 3',,
20,N/A,Additional Time,Additional time 3',,
20,90'+3,Goal,G. García,B. Díaz,2 - 3
20,87',Yellow card,L. Modrić,Foul,
20,82',Substitution,G. García,Endrick,
20,82',Substitution,F. Garcia,F. Mendy,
20,82',Yellow card,Vinícius Jr.,Argument,
20,80',Substitution,M. d. l. Fuente,Ó. Rodríguez,
20,80',Substitution,J. Chicco,D. Garcia,
20,79',Yellow card,J. Ramón,Foul,
20,76',Substitution,D. Ceballos,A. Güler,
20,73',Substitution,D. Raba,J. Cruz,
20,67',Yellow card,S. González,Foul,
20,59',Goal,J. Cruz,D. Brašanac,2 - 2
20,46',Substitution,Vinícius Jr.,Rodrygo,
20,39',Penalty,J. Cruz,,1 - 2
20,25',Goal,Endrick,,0 - 2
20,18',Goal,L. Modrić,Rodrygo,0 - 1
20,FT,Score Update,FT 2 - 3,,2
20,HT,Score Update,HT 1 - 2,,1
21,N/A,Additional Time,Additional time 7',,
21,N/A,Additional Time,Additional time 2',,
21,90',Yellow card,M. Kumbulla,Argument,
21,87',Substitution,B. Díaz,L. Vázquez,
21,85',Goal,C. Romero,O. E. Hilali,1 - 0
21,83',Substitution,F. Calero,J. Puado,
21,80',Substitution,L. Modrić,D. Ceballos,
21,73',Substitution,A. Véliz,R. Fernández,
21,67',Substitution,Á. Tejero,J. Carreras,
21,66',Substitution,A. Roca,U. González,
21,61',Yellow card,C. Romero,Foul,
21,15',Substitution,R. Asencio,A. Rüdiger,
21,FT,Score Update,FT 1 - 0,,1
21,HT,Score Update,HT 0 - 0,,0
22,N/A,Additional Time,Additional time 4',,
22,N/A,Additional Time,Additional time 2',,
22,88',Substitution,Endrick,L. Modrić,
22,83',Substitution,R. Asencio,L. Vázquez,
22,82',Substitution,D. Alaba,A. Tchouaméni,
22,82',Substitution,D. Ceballos,J. Bellingham,
22,79',Substitution,I. Salah,L. Ajorque,
22,78',Goal,Rodrygo,,0 - 3
22,74',Yellow card,J. Bellingham,Foul,
22,72',Substitution,A. Güler,B. Díaz,
22,70',Substitution,R. Del Castillo,M. Camara,
22,70',Substitution,A.Sima,M. Baldé,
22,61',Substitution,R. Faivre,K. Doumbia,
22,61',Substitution,P. L. Melou,H. Magnetti,
22,56',Goal,J. Bellingham,L. Vázquez,0 - 2
22,52',VAR decision,Goal cancelled,L. Ajorque,
22,35',Yellow card,A. Rüdiger,Foul,
22,29',Yellow card,A. Tchouaméni,Foul,
22,27',Goal,Rodrygo,L. Modrić,0 - 1
22,10',Yellow card,M. P. Lage,Foul,
22,FT,Score Update,FT 0 - 3,,0
22,HT,Score Update,HT 0 - 1,,0
23,N/A,Additional Time,Additional time 4',,
23,N/A,Additional Time,Additional time 1',,
23,90'+2,Substitution,Endrick,K. Mbappé,
23,90'+2,Substitution,L. Aguado,F. Valverde,
23,90'+1,Penalty,K. Mbappé,,0 - 3
23,90',Unknown,M. Martín,Foul,
23,89',VAR decision,Penalty awarded,J. Bellingham,
23,86',Substitution,Chuky,M. Sylla,
23,79',Substitution,J. Latasa,M. André,
23,73',Substitution,A. Güler,Rodrygo,
23,68',Substitution,D. Alaba,R. Asencio,
23,68',Substitution,L. Modrić,D. Ceballos,
23,62',Substitution,K. Pérez,I. Sánchez,
23,57',Goal,K. Mbappé,Rodrygo,0 - 2
23,55',Yellow card,K. Mbappé,Foul,
23,47',Yellow card,D. Ceballos,Foul,
23,45'+2,Yellow card,S. Amallah,Argument,
23,45'+2,Yellow card,J. Bellingham,Argument,
23,30',Goal,K. Mbappé,J. Bellingham,0 - 1
23,15',Yellow card,M. Martín,Foul,
23,FT,Score Update,FT 0 - 3,,0
23,HT,Score Update,HT 0 - 1,,0
24,N/A,Additional Time,Additional time 2',,
24,88',Substitution,P. Ratkov,A. Daghim,
24,85',Goal,M. Bidstrup,A. Dedić,5 - 1
24,82',Substitution,L. Gourna-Douath,O. Gloukh,
24,82',Substitution,T. Kawamura,N. Capaldo,
24,78',Substitution,J. Ramón,A. Rüdiger,
24,77',Goal,Vinícius Jr.,F. Valverde,5 - 0
24,72',Substitution,Endrick,K. Mbappé,
24,72',Substitution,B. Díaz,Rodrygo,
24,64',Substitution,A. Güler,D. Ceballos,
24,64',Substitution,D. Alaba,J. Bellingham,
24,63',Substitution,K. Piątkowski,N. Dorgeles,
24,63',Substitution,M. Diambou,M. K. Yeo,
24,55',Goal,Vinícius Jr.,L. Modrić,4 - 0
24,48',Goal,K. Mbappé,,3 - 0
24,42',Yellow card,Vinícius Jr.,Simulation,
24,34',Goal,Rodrygo,J. Bellingham,2 - 0
24,23',Goal,Rodrygo,J. Bellingham,1 - 0
24,FT,Score Update,FT 5 - 1,,5
24,HT,Score Update,HT 2 - 0,,2
25,N/A,Additional Time,Additional time 3',,
25,N/A,Additional Time,Additional time 5',,
25,87',Substitution,L. Aguado,L. Vázquez,
25,86',VAR decision,Goal cancelled,F. Valverde,
25,83',Substitution,Endrick,Rodrygo,
25,83',Substitution,C. Andrés,D. Ceballos,
25,80',Substitution,M. Cardona,S. Ramírez,
25,76',Substitution,A. Güler,B. Díaz,
25,76',Substitution,D. Alaba,A. Rüdiger,
25,75',VAR decision,Goal cancelled,J. Bellingham,
25,69',Substitution,O. McBurnie,F. Silva,
25,64',Red card,B. Ramírez,Foul,
25,63',VAR decision,Card changed,B. Ramírez,
25,58',Substitution,E. Loiodice,Á. Muñoz,
25,58',Substitution,M. Fuster,A. Moleiro,
25,57',Goal,Rodrygo,F. Garcia,4 - 1
25,46',Substitution,B. Ramírez,J. Herzog,
25,45'+3,Yellow card,S. Ramírez,Foul,
25,43',VAR decision,Goal cancelled,K. Mbappé,
25,36',Goal,K. Mbappé,Rodrygo,3 - 1
25,33',Goal,B. Díaz,L. Vázquez,2 - 1
25,18',Penalty,K. Mbappé,,1 - 1
25,1',Goal,F. Silva,S. Ramírez,0 - 1
25,FT,Score Update,FT 4 - 1,,4
25,HT,Score Update,HT 3 - 1,,3
26,N/A,Additional Time,Additional time 2',,
26,N/A,Additional Time,Additional time 1',,
26,N/A,Additional Time,Additional time 6',,
26,N/A,Additional Time,Additional time 2',,
26,119',Goal,Endrick,A. Güler,5 - 2
26,112',Goal,F. Valverde,A. Tchouaméni,4 - 2
26,109',Yellow card,Endrick,,
26,108',Goal,Endrick,A. Güler,3 - 2
26,106',Substitution,Rodrygo,Vinícius Jr.,
26,101',Yellow card,M. Alonso,Argument,
26,101',Yellow card,C. Starfelt,Foul,
26,96',Yellow card,I. Villar,Time wasting,
26,95',Substitution,J. Manquillo,J. Rodríguez,
26,90'+2,Substitution,J. Bellingham,F. Garcia,
26,90'+1,Penalty,M. Alonso,,2 - 2
26,90'+1,Yellow card,R. Asencio,Foul,
26,83',Goal,J. Bamba,P. Durán,2 - 1
26,79',Substitution,Endrick,K. Mbappé,
26,79',Substitution,F. Valverde,L. Modrić,
26,78',VAR decision,Goal cancelled,A. Güler,
26,75',Substitution,F. López,B. Iglesias,
26,75',Substitution,F. Cervi,S. Carreira,
26,70',Substitution,A. Güler,B. Díaz,
26,70',Substitution,E. Camavinga,D. Ceballos,
26,66',Substitution,J. Bamba,H. Álvarez,
26,56',Substitution,H. Sotelo,F. Beltrán,
26,56',Substitution,P. Durán,W. Swedberg,
26,48',Goal,Vinícius Jr.,B. Díaz,2 - 0
26,37',Goal,K. Mbappé,D. Ceballos,1 - 0
26,-,Yellow card,B. Iglesias,Argument,
26,FT,Score Update,FT 2 - 2,,2
26,HT,Score Update,HT 1 - 0,,1
27,N/A,Additional Time,Additional time 8',,
27,N/A,Additional Time,Additional time 9',,
27,87',Yellow card,R. Araújo,Foul,
27,79',Substitution,F. Torres,Raphinha,
27,77',Yellow card,R. Asencio,Argument,
27,77',Yellow card,R. Lewandowski,Argument,
27,76',Substitution,B. Díaz,Vinícius Jr.,
27,75',Substitution,F. Garcia,F. Mendy,
27,64',Substitution,L. Modrić,A. Tchouaméni,
27,62',Yellow card,A. Tchouaméni,Foul,
27,60',Goal,Rodrygo,,2 - 5
27,59',Substitution,D. Olmo,L. Yamal,
27,59',Substitution,I. Peña,Gavi,
27,56',Red card,W. Szczęsny,Professional foul last man,
27,56',VAR decision,Card changed,W. Szczęsny,
27,55',Yellow card,Vinícius Jr.,Argument,
27,53',Yellow card,A. Rüdiger,Foul,
27,52',Substitution,R. Asencio,L. Vázquez,
27,48',Goal,Raphinha,M. Casadó,1 - 5
27,46',Substitution,D. Ceballos,E. Camavinga,
27,45'+10,Goal,A. Balde,Raphinha,1 - 4
27,39',Goal,Raphinha,J. Koundé,1 - 3
27,36',Penalty,R. Lewandowski,,1 - 2
27,35',Yellow card,E. Camavinga,Foul,
27,34',VAR decision,Penalty awarded,Gavi,
27,28',Substitution,R. Araújo,I. Martínez,
27,22',Goal,L. Yamal,R. Lewandowski,1 - 1
27,5',Goal,K. Mbappé,Vinícius Jr.,1 - 0
27,-,Yellow card,Raphinha,Argument,
27,-,Yellow card,I. Martínez,Argument,
27,FT,Score Update,FT 2 - 5,,2
27,HT,Score Update,HT 1 - 4,,1
28,N/A,Additional Time,Additional time 2',,
28,N/A,Additional Time,Additional time 3',,
28,88',Goal,A. Güler,F. Garcia,0 - 5
28,77',Substitution,R. Sanchís,J. Vera,
28,63',Substitution,K. Mbappé,E. Camavinga,
28,63',Substitution,L. Vázquez,L. Aguado,
28,63',Substitution,C. Andrés,B. Díaz,
28,63',Substitution,Vinícius Jr.,L. Modrić,
28,62',Substitution,S. Cortado,F. Ferrón,
28,62',Substitution,D. Pujante,Pipo,
28,55',Goal,L. Modrić,B. Díaz,0 - 4
28,46',Substitution,D. Ceballos,F. Valverde,
28,46',Substitution,D. Sheffield,J. M. Heredero,
28,46',Substitution,S. Baradji,J. Montesinos,
28,28',Goal,A. Güler,F. Valverde,0 - 3
28,13',Goal,E. Camavinga,F. Garcia,0 - 2
28,10',Yellow card,J. M. Heredero,Foul,
28,5',Goal,F. Valverde,,0 - 1
28,FT,Score Update,FT 0 - 5,,0
28,HT,Score Update,HT 0 - 3,,0
29,N/A,Additional Time,Additional time 9',,
29,N/A,Additional Time,Additional time 3',,
29,90'+7,Substitution,R. Asencio,J. Bellingham,
29,90'+6,Goal,J. Bellingham,,1 - 2
29,88',Substitution,J. Vázquez,Y. Gasiorowski,
29,88',Substitution,D. Gómez,A. Almeida,
29,87',Yellow card,L. Modrić,Foul,
29,85',Goal,L. Modrić,J. Bellingham,1 - 1
29,80',Substitution,L. Modrić,D. Ceballos,
29,79',Red card,Vinícius Jr.,Violent conduct,
29,78',Yellow card,L. Vázquez,Argument,
29,78',Yellow card,S. Dimitrievski,Argument,
29,78',VAR decision,Card changed,Vinícius Jr.,
29,69',Yellow card,S. Canós,Foul,
29,68',Substitution,B. Díaz,Rodrygo,
29,68',Substitution,E. Camavinga,F. Mendy,
29,68',Substitution,H. Guillamón,J. Guerra,
29,67',Substitution,S. Canós,D. López,
29,60',VAR decision,Goal cancelled,K. Mbappé,
29,55',Missed penalty,J. Bellingham,Woodwork,
29,36',Yellow card,D. Ceballos,Argument,
29,27',Goal,H. Duro,,1 - 0
29,FT,Score Update,FT 1 - 2,,1
29,HT,Score Update,HT 1 - 0,,1
30,N/A,Additional Time,Additional time 3',,
30,N/A,Additional Time,Additional time 1',,
30,90'+3,Yellow card,S. Rondón,Argument,
30,89',Substitution,S. Hernandez,N. Deossa,
30,88',Substitution,A. D. Figueroa,O. Idrissi,
30,88',Substitution,A. Güler,J. Bellingham,
30,88',Substitution,R. Asencio,L. Vázquez,
30,84',Penalty,Vinícius Jr.,,3 - 0
30,82',VAR decision,Penalty awarded,L. Vázquez,
30,75',Substitution,C. Sánchez,L. Rodríguez,
30,75',Substitution,Á. Mena,A. Bautista,
30,70',Substitution,L. Modrić,Rodrygo,
30,62',Substitution,D. Ceballos,E. Camavinga,
30,62',Substitution,B. Díaz,K. Mbappé,
30,55',VAR decision,Goal confirmed,Rodrygo,
30,53',Goal,Rodrygo,K. Mbappé,2 - 0
30,51',Yellow card,P. Pedraza,Foul,
30,37',Goal,K. Mbappé,Vinícius Jr.,1 - 0
30,FT,Score Update,FT 3 - 0,,3
30,HT,Score Update,HT 1 - 0,,1
31,N/A,Additional Time,Additional time 7',,
31,N/A,Additional Time,Additional time 3',,
31,90'+2,Yellow card,S. Camello,Foul,
31,79',Substitution,Endrick,L. Vázquez,
31,79',Substitution,D. Ceballos,A. Güler,
31,74',Yellow card,Vinícius Jr.,Argument,
31,71',Substitution,E. Camavinga,L. Modrić,
31,67',Substitution,I. Balliu,J. de Frutos,
31,66',Substitution,P. Díaz,U. López,
31,64',Goal,I. Palazón,F. Lejeune,3 - 3
31,63',Substitution,Vinícius Jr.,B. Díaz,
31,62',Yellow card,L. Modrić,Foul,
31,60',Substitution,Ó. Valentín,P. I. Ciss,
31,60',Substitution,S. Camello,R. Nteka,
31,56',Goal,Rodrygo,A. Güler,2 - 3
31,54',Substitution,Á. García,A. Embarba,
31,45',Goal,J. Bellingham,Rodrygo,2 - 2
31,44',Yellow card,I. Palazón,Foul,
31,39',Goal,F. Valverde,A. Güler,2 - 1
31,36',Goal,A. Mumin,I. Palazón,2 - 0
31,34',Yellow card,R. Nteka,Foul,
31,27',Yellow card,A. Batalla,Argument,
31,4',Goal,U. López,J. de Frutos,1 - 0
31,FT,Score Update,FT 3 - 3,,3
31,HT,Score Update,HT 2 - 2,,2
32,N/A,Additional Time,Additional time 4',,
32,N/A,Additional Time,Additional time 1',,
32,90'+2,Yellow card,L. Vázquez,Argument,
32,90'+2,Yellow card,O. Kossounou,Argument,
32,87',Substitution,N. Zaniolo,M. Ruggeri,
32,87',Substitution,A. Güler,J. Bellingham,
32,84',Substitution,R. Asencio,B. Díaz,
32,84',Substitution,L. Modrić,D. Ceballos,
32,75',Substitution,D. Zappacosta,R. Bellanova,
32,74',Substitution,M. Retegui,C. De Ketelaere,
32,74',Substitution,O. Kossounou,B. Djimsiti,
32,65',Goal,A. Lookman,L. Samardžić,2 - 3
32,59',Goal,J. Bellingham,Vinícius Jr.,1 - 3
32,58',Substitution,L. Samardžić,M. Pašalić,
32,56',Goal,Vinícius Jr.,,1 - 2
32,45'+2,Penalty,C. De Ketelaere,,1 - 1
32,45'+2,Yellow card,A. Tchouaméni,Foul,
32,36',Substitution,Rodrygo,K. Mbappé,
32,10',Goal,K. Mbappé,B. Díaz,0 - 1
32,FT,Score Update,FT 2 - 3,,2
32,HT,Score Update,HT 1 - 1,,1
33,N/A,Additional Time,Additional time 4',,
33,N/A,Additional Time,Additional time 1',,
33,90'+4,Yellow card,Portu,Foul,
33,90',Yellow card,O. Romeu,Foul,
33,89',Substitution,D. Yañez,A. Güler,
33,79',Substitution,Endrick,K. Mbappé,
33,79',Substitution,F. Garcia,F. Mendy,
33,79',Substitution,R. Asencio,F. Valverde,
33,78',Substitution,Portu,D. v. d. Beek,
33,76',Yellow card,L. Krejčí,Argument,
33,76',Yellow card,A. Rüdiger,Argument,
33,62',Goal,K. Mbappé,L. Modrić,0 - 3
33,61',Substitution,D. Ceballos,J. Bellingham,
33,58',Substitution,A. Danjuma,B. Gil,
33,58',Substitution,A. Ruíz,B. Miovski,
33,55',Goal,A. Güler,J. Bellingham,0 - 2
33,45'+2,Yellow card,K. Mbappé,Argument,
33,36',Goal,J. Bellingham,,0 - 1
33,FT,Score Update,FT 0 - 3,,0
33,HT,Score Update,HT 0 - 1,,0
34,N/A,Additional Time,Additional time 4',,
34,N/A,Additional Time,Additional time 1',,
34,89',Yellow card,Endrick,Persistent fouling,
34,87',Substitution,J. Gomez,C. Bradley,
34,83',Substitution,D. Szoboszlai,C. Jones,
34,80',Yellow card,D. Ceballos,Argument,
34,79',Substitution,Endrick,L. Modrić,
34,76',Goal,C. Gakpo,A. Robertson,2 - 0
34,71',Substitution,F. Garcia,F. Mendy,
34,70',Missed penalty,M. Salah,Woodwork,
34,69',Yellow card,F. Mendy,Foul,
34,68',Substitution,C. Gakpo,D. Núñez,
34,61',Missed penalty,K. Mbappé,Goalkeeper save,
34,57',Substitution,D. Ceballos,E. Camavinga,
34,56',Substitution,L. Vázquez,A. Güler,
34,52',Goal,A. Mac Allister,C. Bradley,1 - 0
34,40',Yellow card,A. Mac Allister,Foul,
34,17',Yellow card,R. Gravenberch,Argument,
34,13',Yellow card,R. Asencio,Argument,
34,13',Yellow card,D. Núñez,Argument,
34,FT,Score Update,FT 2 - 0,,2
34,HT,Score Update,HT 0 - 0,,0
35,N/A,Additional Time,Additional time 4',,
35,N/A,Additional Time,Additional time 1',,
35,86',Substitution,Endrick,J. Bellingham,
35,86',Substitution,D. Garcia,M. d. l. Fuente,
35,85',Goal,J. Bellingham,,0 - 3
35,83',Substitution,L. Modrić,K. Mbappé,
35,75',Substitution,B. Díaz,A. Güler,
35,75',Substitution,V. Rosier,A. Altimira,
35,75',Substitution,S. Haller,D. Brašanac,
35,69',Yellow card,A. Altimira,Foul,
35,66',Goal,F. Valverde,A. Güler,0 - 2
35,58',Substitution,D. Raba,M. E. Haddadi,
35,58',Substitution,J. Chicco,Y. Neyou,
35,49',Yellow card,M. d. l. Fuente,Foul,
35,43',Goal,K. Mbappé,Vinícius Jr.,0 - 1
35,FT,Score Update,FT 0 - 3,,0
35,HT,Score Update,HT 0 - 1,,0
36,N/A,Additional Time,Additional time 6',,
36,N/A,Additional Time,Additional time 4',,
36,90'+3,Substitution,S. Pavlović,Y. Musah,
36,90'+3,Substitution,D. Calabria,E. Royal,
36,85',Yellow card,Y. Fofana,Foul,
36,84',VAR decision,Goal cancelled,A. Rüdiger,
36,78',Substitution,N. Okafor,R. Leão,
36,74',Substitution,F. Garcia,F. Mendy,
36,74',Substitution,Rodrygo,J. Bellingham,
36,73',Goal,T. Reijnders,R. Leão,1 - 3
36,71',Yellow card,Vinícius Jr.,Argument,
36,70',Substitution,R. Loftus-Cheek,C. Pulišić,
36,70',Substitution,T. Abraham,Á. Morata,
36,68',Yellow card,É. Militão,Argument,
36,68',Yellow card,L. Vázquez,Foul,
36,63',Substitution,D. Ceballos,L. Modrić,
36,58',Yellow card,E. Camavinga,Foul,
36,46',Substitution,B. Díaz,A. Tchouaméni,
36,46',Substitution,E. Camavinga,F. Valverde,
36,39',Goal,Á. Morata,,1 - 2
36,23',Penalty,Vinícius Jr.,,1 - 1
36,21',Yellow card,Á. Morata,Argument,
36,12',Goal,M. Thiaw,C. Pulišić,0 - 1
36,FT,Score Update,FT 1 - 3,,1
36,HT,Score Update,HT 1 - 2,,1
38,N/A,Additional Time,Additional time 4',,
38,N/A,Additional Time,Additional time 1',,
38,90'+3,Goal,Vinícius Jr.,,5 - 2
38,90',Substitution,A. Güler,J. Bellingham,
38,90',Substitution,D. Ceballos,K. Mbappé,
38,86',Yellow card,Vinícius Jr.,,
38,86',Goal,Vinícius Jr.,J. Bellingham,4 - 2
38,85',Substitution,A. Tchouaméni,Rodrygo,
38,83',Goal,L. Vázquez,,3 - 2
38,76',Substitution,M. Beier,F. Nmecha,
38,76',Substitution,E. Can,J. Ryerson,
38,71',Substitution,E. Camavinga,L. Modrić,
38,64',Substitution,P. Groß,D. Malen,
38,63',VAR decision,Goal awarded,Vinícius Jr.,
38,62',Goal,Vinícius Jr.,,2 - 2
38,60',Goal,A. Rüdiger,K. Mbappé,1 - 2
38,55',Substitution,W. Anton,J. Gittens,
38,34',Goal,J. Gittens,D. Malen,0 - 2
38,30',Goal,D. Malen,S. Guirassy,0 - 1
38,FT,Score Update,FT 5 - 2,,5
38,HT,Score Update,HT 0 - 2,,0
39,N/A,Additional Time,Additional time 5',,
39,N/A,Additional Time,Additional time 1',,
39,90',Yellow card,M. Alonso,Argument,
39,87',Substitution,D. Rodríguez,F. Beltrán,
39,82',Yellow card,H. Sotelo,Foul,
39,82',Substitution,D. Ceballos,K. Mbappé,
39,78',Substitution,A. Douvikas,B. Iglesias,
39,78',Substitution,P. Durán,J. Bamba,
39,75',Yellow card,L. Vázquez,Foul,
39,72',Substitution,A. González,W. Swedberg,
39,72',Substitution,J. Rodríguez,J. Manquillo,
39,70',Substitution,F. Mendy,F. Garcia,
39,66',Goal,Vinícius Jr.,L. Modrić,1 - 2
39,63',Substitution,L. Modrić,F. Valverde,
39,63',Substitution,Rodrygo,E. Camavinga,
39,51',Goal,W. Swedberg,Ó. Mingueza,1 - 1
39,20',Goal,K. Mbappé,E. Camavinga,0 - 1
39,FT,Score Update,FT 1 - 2,,1
39,HT,Score Update,HT 0 - 1,,0
40,N/A,Additional Time,Additional time 5',,
40,N/A,Additional Time,Additional time 1',,
40,90'+6,Yellow card,B. Diakité,Argument,
40,90'+3,Yellow card,J. David,Foul,
40,88',Substitution,T. Meunier,M. Bakker,
40,81',Yellow card,L. Modrić,Foul,
40,79',Yellow card,A. Rüdiger,Foul,
40,78',Yellow card,J. Bellingham,Foul,
40,72',Substitution,O. Sahraoui,R. Cabella,
40,67',Substitution,A. Güler,E. Camavinga,
40,59',Yellow card,E. Camavinga,Foul,
40,57',Substitution,K. Mbappé,É. Militão,
40,57',Substitution,L. Modrić,Endrick,
40,46',Yellow card,Endrick,Foul,
40,46',Substitution,F. Garcia,F. Mendy,
40,45'+2,Penalty,J. David,,1 - 0
40,45'+1,VAR decision,Penalty awarded,E. Zhegrova,
40,FT,Score Update,FT 1 - 0,,1
40,HT,Score Update,HT 1 - 0,,1
41,N/A,Additional Time,Additional time 8',,
41,90'+9,Red card,M. Llorente,Foul,
41,90'+8,VAR decision,Card changed,M. Llorente,
41,90'+6,VAR decision,Goal awarded,Á. Correa,
41,90'+5,Goal,Á. Correa,J. Galán,1 - 1
41,90',Substitution,F. Garcia,Rodrygo,
41,87',Substitution,Endrick,Vinícius Jr.,
41,86',Substitution,L. Vázquez,L. Modrić,
41,75',Substitution,J. Galán,R. Mandava,
41,75',Substitution,R. Riquelme,J. Álvarez,
41,75',Yellow card,J. Álvarez,Foul,
41,70',Substitution,Á. Correa,C. Gallagher,
41,70',Yellow card,C. Gallagher,Foul,
41,64',Goal,É. Militão,Vinícius Jr.,0 - 1
41,63',Yellow card,R. Le Normand,Foul,
41,56',Substitution,S. Lino,A. Sørloth,
41,46',Substitution,Koke,N. Molina,
41,40',Yellow card,L. Modrić,Foul,
41,FT,Score Update,FT 1 - 1,,1
41,HT,Score Update,HT 0 - 0,,0
43,N/A,Additional Time,Additional time 4',,
43,N/A,Additional Time,Additional time 3',,
43,90',Substitution,Endrick,K. Mbappé,
43,83',Yellow card,A. Barrenetxea,Argument,
43,82',Yellow card,J. Pacheco,Foul,
43,79',Yellow card,L. Modrić,Foul,
43,78',Substitution,A. Muñoz,J. López,
43,77',Substitution,L. Vázquez,A. Güler,
43,75',Substitution,B. Turrientes,L. Sučić,
43,75',Substitution,J. Pacheco,N. Aguerd,
43,75',Penalty,K. Mbappé,,0 - 2
43,73',VAR decision,Penalty awarded,Vinícius Jr.,
43,63',Substitution,O. S. Óskarsson,U. Sadiq,
43,63',Substitution,A. Barrenetxea,S. Becker,
43,58',Penalty,Vinícius Jr.,,0 - 1
43,28',Yellow card,J. Aramburu,Foul,
43,24',Substitution,Rodrygo,B. Díaz,
43,17',Yellow card,U. Sadiq,Foul,
43,FT,Score Update,FT 0 - 2,,0
43,HT,Score Update,HT 0 - 0,,0
44,N/A,Additional Time,Additional time 2',,
44,N/A,Additional Time,Additional time 2',,
44,90',Substitution,A. Manzoni,M. Pašalić,
44,90',Substitution,M. Palestra,I. Hien,
44,89',Substitution,L. Vázquez,D. Carvajal,
44,89',Substitution,D. Ceballos,J. Bellingham,
44,88',Substitution,A. Güler,Vinícius Jr.,
44,83',Substitution,B. Díaz,K. Mbappé,
44,76',Substitution,L. Modrić,Rodrygo,
44,71',Substitution,M. Bakker,S. Kolašinac,
44,68',Goal,K. Mbappé,J. Bellingham,2 - 0
44,64',Yellow card,B. Djimsiti,Foul,
44,63',Substitution,B. Godfrey,D. Zappacosta,
44,63',Substitution,M. Retegui,C. De Ketelaere,
44,59',Goal,F. Valverde,Vinícius Jr.,1 - 0
44,42',Yellow card,Vinícius Jr.,Foul,
44,35',Yellow card,J. Bellingham,Foul,
44,9',Yellow card,Éderson,Persistent fouling,
44,FT,Score Update,FT 2 - 0,,2
44,HT,Score Update,HT 0 - 0,,0
45,N/A,Additional Time,Additional time 3',,
45,83',Substitution,L. Aguado,L. Modrić,
45,78',Substitution,J. Ramón,A. Rüdiger,
45,78',Substitution,R. Obrador,B. Díaz,
45,70',Substitution,W. Fofana,R. James,
45,67',Yellow card,A. Lunin,Time wasting,
45,66',Substitution,K. Dewsbury-Hall,M. Guiu,
45,66',Substitution,R. Asencio,É. Militão,
45,66',Substitution,N. Paz,Vinícius Jr.,
45,66',Substitution,J. Latasa,Rodrygo,
45,58',Substitution,M. Caicedo,R. Lavia,
45,58',Substitution,M. Mudryk,R. Sterling,
45,46',Substitution,A. Lunin,T. Courtois,
45,39',Goal,N. Madueke,E. Fernández,1 - 2
45,27',Goal,B. Díaz,Vinícius Jr.,0 - 2
45,19',Goal,L. Vázquez,B. Díaz,0 - 1
45,FT,Score Update,FT 1 - 2,,1
45,HT,Score Update,HT 1 - 2,,1
46,N/A,Additional Time,Additional time 5',,
46,N/A,Additional Time,Additional time 4',,
46,90'+4,Substitution,L. Vázquez,Vinícius Jr.,
46,90',Substitution,É. Militão,Rodrygo,
46,87',Substitution,J. Gittens,J. Sancho,
46,86',Substitution,L. Modrić,T. Kroos,
46,85',Substitution,Joselu,J. Bellingham,
46,83',Goal,Vinícius Jr.,J. Bellingham,0 - 2
46,80',Substitution,S. Haller,J. Brandt,
46,80',Substitution,D. Malen,E. Can,
46,79',Yellow card,M. Hummels,Foul,
46,74',Goal,D. Carvajal,T. Kroos,0 - 1
46,72',Substitution,M. Reus,K. Adeyemi,
46,43',Yellow card,M. Sabitzer,Argument,
46,40',Yellow card,N. Schlotterbeck,Argument,
46,35',Yellow card,Vinícius Jr.,Foul,
46,FT,Score Update,FT 0 - 2,,0
46,HT,Score Update,HT 0 - 0,,0
47,N/A,Additional Time,Additional time 3',,
47,N/A,Additional Time,Additional time 3',,
47,87',Substitution,D. Ceballos,T. Kroos,
47,84',Yellow card,s. Papastathopoulos,Foul,
47,81',Substitution,A. Ezzalzouli,W. José,
47,74',Substitution,L. Modrić,E. Camavinga,
47,74',Substitution,L. Vázquez,D. Carvajal,
47,72',Substitution,S. Altimira,R. Sánchez,
47,72',Yellow card,D. Carvajal,Foul,
47,64',Substitution,É. Militão,N. Fernández,
47,63',Substitution,K. Arrizabalaga,T. Courtois,
47,41',VAR decision,Goal cancelled,J. Cardoso,
47,5',Yellow card,N. Fernández,Foul,
47,FT,Score Update,FT 0 - 0,,0
47,HT,Score Update,HT 0 - 0,,0
48,N/A,Additional Time,Additional time 9',,
48,N/A,Additional Time,Additional time 1',,
48,90'+11,Yellow card,E. Camavinga,Time wasting,
48,90'+10,Substitution,É. Militão,J. Bellingham,
48,90'+2,VAR decision,Goal awarded,Joselu,
48,90'+1,Goal,Joselu,A. Rüdiger,2 - 1
48,88',Goal,Joselu,,1 - 1
48,85',Substitution,E. M. Choupo-Moting,H. Kane,
48,84',Substitution,T. Müller,J. Musiala,
48,81',Substitution,Joselu,F. Valverde,
48,81',Substitution,B. Díaz,Rodrygo,
48,76',Substitution,M. Kim,L. Sané,
48,73',VAR decision,Goal cancelled,A. Davies,
48,70',Substitution,E. Camavinga,A. Tchouaméni,
48,69',Substitution,L. Modrić,T. Kroos,
48,68',Goal,A. Davies,H. Kane,0 - 1
48,27',Substitution,A. Davies,S. Gnabry,
48,FT,Score Update,FT 2 - 1,,2
48,HT,Score Update,HT 0 - 0,,0
49,N/A,Additional Time,Additional time 4',,
49,N/A,Additional Time,Additional time 1',,
49,90'+3,Goal,Joselu,N. Fernández,3 - 0
49,84',Substitution,I. Alejo,R. Navarro,
49,80',Substitution,F. Valverde,E. Camavinga,
49,75',Substitution,Juanmi,C. Ramos,
49,75',Substitution,M. Gómez,R. Sobrino,
49,73',Substitution,Vinícius Jr.,B. Díaz,
49,68',Goal,J. Bellingham,B. Díaz,2 - 0
49,66',Substitution,I. Carcelén,J. Zaldúa,
49,66',Substitution,L. Pires,Á. Fernández,
49,66',Substitution,J. Bellingham,A. Güler,
49,51',Goal,B. Díaz,L. Modrić,1 - 0
49,38',Yellow card,J. Zaldúa,Foul,
49,FT,Score Update,FT 3 - 0,,3
49,HT,Score Update,HT 0 - 0,,0
50,N/A,Additional Time,Additional time 3',,
50,90'+1,Yellow card,L. Vázquez,Foul,
50,87',Substitution,A. Davies,L. Sané,
50,87',Substitution,Joselu,Rodrygo,
50,83',Penalty,Vinícius Jr.,,2 - 2
50,82',Yellow card,M. Kim,Foul,
50,80',Substitution,S. Gnabry,T. Müller,
50,76',Substitution,B. Díaz,T. Kroos,
50,75',Substitution,L. Modrić,J. Bellingham,
50,65',Substitution,E. Camavinga,N. Fernández,
50,64',Yellow card,T. Kroos,Foul,
50,57',Penalty,H. Kane,,2 - 1
50,53',Goal,L. Sané,K. Laimer,1 - 1
50,46',Substitution,R. Guerreiro,L. Goretzka,
50,43',Yellow card,N. Mazraoui,Foul,
50,24',Goal,Vinícius Jr.,T. Kroos,0 - 1
50,FT,Score Update,FT 2 - 2,,2
50,HT,Score Update,HT 0 - 1,,0
51,N/A,Additional Time,Additional time 5',,
51,N/A,Additional Time,Additional time 3',,
51,89',Substitution,A. Silva,R. Le Normand,
51,88',Yellow card,N. Fernández,Foul,
51,87',Yellow card,M. Merino,Foul,
51,84',Substitution,L. Vázquez,L. Modrić,
51,83',Yellow card,A. Tchouaméni,Foul,
51,76',Substitution,A. Rüdiger,B. Díaz,
51,76',Substitution,E. Camavinga,F. Garcia,
51,75',Substitution,S. Becker,A. Barrenetxea,
51,75',Substitution,A. Elustondo,Á. Odriozola,
51,70',Yellow card,I. Zubeldia,Foul,
51,68',Substitution,Vinícius Jr.,A. Güler,
51,68',Substitution,F. Valverde,D. Ceballos,
51,67',Substitution,A. Zakharyan,B. Turrientes,
51,56',Yellow card,F. Garcia,Foul,
51,40',Yellow card,R. Le Normand,Argument,
51,33',VAR decision,Goal cancelled,T. Kubo,
51,29',Goal,A. Güler,D. Carvajal,0 - 1
51,15',Yellow card,A. Güler,Argument,
51,FT,Score Update,FT 0 - 1,,0
51,HT,Score Update,HT 0 - 1,,0
52,N/A,Penalty,A. Rüdiger,,3 - 4
52,N/A,Penalty,Ederson,,3 - 3
52,N/A,Penalty,N. Fernández,,2 - 3
52,N/A,Penalty,P. Foden,,2 - 2
52,N/A,Penalty,L. Vázquez,,1 - 2
52,N/A,Missed penalty,M. Kovačić,Goalkeeper save,
52,N/A,Penalty,J. Bellingham,,1 - 1
52,N/A,Missed penalty,B. Silva,Goalkeeper save,
52,N/A,Missed penalty,L. Modrić,Goalkeeper save,
52,N/A,Penalty,J. Álvarez,,1 - 0
52,N/A,Additional Time,Additional time 1',,
52,N/A,Additional Time,Additional time 2',,
52,N/A,Additional Time,Additional time 4',,
52,N/A,Additional Time,Additional time 2',,
52,112',Substitution,J. Stones,M. Akanji,
52,112',Substitution,M. Kovačić,K. De Bruyne,
52,110',Substitution,É. Militão,D. Carvajal,
52,102',Substitution,L. Vázquez,Vinícius Jr.,
52,91',Substitution,J. Álvarez,E. Haaland,
52,90'+4,Yellow card,F. Mendy,Foul,
52,90',Yellow card,Rodri,Foul,
52,84',Substitution,B. Díaz,Rodrygo,
52,79',Substitution,L. Modrić,T. Kroos,
52,76',Goal,K. De Bruyne,,1 - 1
52,72',Substitution,J. Doku,J. Grealish,
52,61',Yellow card,J. Gvardiol,Foul,
52,59',Yellow card,J. Grealish,Foul,
52,38',Yellow card,D. Carvajal,Foul,
52,12',Goal,Rodrygo,,0 - 1
52,FT,Score Update,FT 1 - 1,,1
52,HT,Score Update,HT 0 - 1,,0
53,N/A,Additional Time,Additional time 4',,
53,90',Substitution,É. Militão,L. Vázquez,
53,87',Substitution,C. Larin,D. Rodríguez,
53,86',Substitution,D. Carvajal,L. Modrić,
53,85',Yellow card,A. Lunin,Time wasting,
53,82',Yellow card,V. Muriqi,Argument,
53,78',Substitution,N. Radonjić,P. Maffeo,
53,64',Substitution,E. Camavinga,J. Bellingham,
53,63',Substitution,Vinícius Jr.,B. Díaz,
53,59',Substitution,S. Darder,S. Costa,
53,59',Substitution,O. Mascarell,M. Morlanes,
53,59',Substitution,A. Prats,A. Sánchez,
53,48',Goal,A. Tchouaméni,,0 - 1
53,16',Yellow card,A. Raíllo,Foul,
53,FT,Score Update,FT 0 - 1,,0
53,HT,Score Update,HT 0 - 0,,0
54,N/A,Additional Time,Additional time 4',,
54,N/A,Additional Time,Additional time 3',,
54,88',Yellow card,B. Silva,Foul,
54,87',Substitution,J. Álvarez,P. Foden,
54,86',Substitution,Joselu,Vinícius Jr.,
54,81',Yellow card,D. Carvajal,Argument,
54,79',Goal,F. Valverde,Vinícius Jr.,3 - 3
54,72',Substitution,L. Modrić,T. Kroos,
54,72',Substitution,B. Díaz,Rodrygo,
54,71',Goal,J. Gvardiol,J. Grealish,2 - 3
54,66',Goal,P. Foden,J. Stones,2 - 2
54,37',Yellow card,M. Akanji,Foul,
54,14',Goal,Rodrygo,Vinícius Jr.,2 - 1
54,12',Own goal,R. Dias,,1 - 1
54,2',Goal,B. Silva,,0 - 1
54,1',Yellow card,A. Tchouaméni,Foul,
54,FT,Score Update,FT 3 - 3,,3
54,HT,Score Update,HT 2 - 1,,2
55,N/A,Additional Time,Additional time 4',,
55,N/A,Additional Time,Additional time 2',,
55,90'+2,Substitution,É. Militão,D. Carvajal,
55,87',Yellow card,I. R. d. Galarreta,Foul,
55,81',Substitution,L. Modrić,Rodrygo,
55,81',Substitution,E. Camavinga,T. Kroos,
55,81',Substitution,L. Vázquez,F. Valverde,
55,76',Substitution,I. Muniain,O. Sancet,
55,73',Goal,Rodrygo,J. Bellingham,2 - 0
55,72',Substitution,Joselu,B. Díaz,
55,71',Yellow card,N. Fernández,Foul,
55,58',Substitution,Y. Berchiche,Ó. de Marcos,
55,57',Substitution,M. Ares,G. Guruzeta,
55,57',Substitution,I. R. d. Galarreta,B. Prados,
55,57',Yellow card,A. Tchouaméni,Foul,
55,25',Substitution,D. Vivian,Y. Álvarez,
55,8',Goal,Rodrygo,B. Díaz,1 - 0
55,FT,Score Update,FT 2 - 0,,2
55,HT,Score Update,HT 1 - 0,,1
56,N/A,Additional Time,Additional time 4',,
56,N/A,Additional Time,Additional time 1',,
56,90',Substitution,K. Kampl,A. Haidara,
56,85',Substitution,E. Elmas,X. Schlager,
56,85',Substitution,C. Baumgartner,B. Šeško,
56,85',Substitution,Joselu,J. Bellingham,
56,78',Substitution,L. Modrić,T. Kroos,
56,77',Substitution,Y. Poulsen,L. Openda,
56,75',Yellow card,T. Kroos,Foul,
56,73',Yellow card,A. Tchouaméni,Foul,
56,71',Yellow card,W. Orbán,Foul,
56,68',Goal,W. Orbán,D. Raum,1 - 1
56,65',Goal,Vinícius Jr.,J. Bellingham,1 - 0
56,54',Yellow card,Vinícius Jr.,Argument,
56,50',Yellow card,D. Raum,Foul,
56,46',Substitution,Rodrygo,E. Camavinga,
56,20',Yellow card,X. Schlager,Foul,
56,FT,Score Update,FT 1 - 1,,1
56,HT,Score Update,HT 0 - 0,,0
57,N/A,Additional Time,Additional time 7',,
57,N/A,Additional Time,Additional time 5',,
57,90'+10,Red card,J. Bellingham,Argument,
57,90'+10,Yellow card,Joselu,Argument,
57,90'+3,VAR decision,Penalty cancelled,H. Duro,
57,89',Substitution,C. Özkaçar,M. Diakhaby,
57,86',Substitution,N. Fernández,F. Valverde,
57,83',Yellow card,M. Diakhaby,Foul,
57,80',Yellow card,F. Valverde,Foul,
57,76',Goal,Vinícius Jr.,B. Díaz,2 - 2
57,73',Substitution,S. Amallah,J. Guerra,
57,73',Substitution,P. González,F. Pérez,
57,72',Substitution,F. Garcia,F. Mendy,
57,72',Substitution,Joselu,E. Camavinga,
57,72',Yellow card,Vinícius Jr.,Foul,
57,63',Substitution,B. Díaz,Rodrygo,
57,63',Substitution,L. Modrić,T. Kroos,
57,57',Substitution,H. Guillamón,S. Canós,
57,57',Substitution,D. López,R. Yaremchuk,
57,45'+5,Goal,Vinícius Jr.,Rodrygo,2 - 1
57,30',Goal,R. Yaremchuk,,2 - 0
57,27',Goal,H. Duro,F. Pérez,1 - 0
57,4',Yellow card,R. Yaremchuk,Foul,
57,FT,Score Update,FT 2 - 2,,2
57,HT,Score Update,HT 2 - 1,,2
58,N/A,Additional Time,Additional time 4',,
58,N/A,Additional Time,Additional time 1',,
58,90',Substitution,K. Kampl,X. Schlager,
58,85',Yellow card,B. Šeško,Foul,
58,85',Yellow card,Vinícius Jr.,,
58,84',Substitution,Joselu,Rodrygo,
58,84',Substitution,L. Vázquez,B. Díaz,
58,77',Yellow card,Y. Poulsen,Foul,
58,76',Substitution,E. Elmas,D. Olmo,
58,75',Substitution,Y. Poulsen,L. Openda,
58,75',Substitution,A. Haidara,B. Henrichs,
58,66',Yellow card,D. Carvajal,Foul,
58,53',Yellow card,M. Simakan,Argument,
58,48',Goal,B. Díaz,D. Carvajal,0 - 1
58,FT,Score Update,FT 0 - 1,,0
58,HT,Score Update,HT 0 - 0,,0
59,N/A,Additional Time,Additional time 4',,
59,90'+1,Missed penalty,Joselu,Woodwork,
59,77',Substitution,F. Garcia,F. Mendy,
59,77',Substitution,A. Güler,Vinícius Jr.,
59,76',Yellow card,F. Mendy,Foul,
59,70',Substitution,L. Modrić,T. Kroos,
59,70',Substitution,Joselu,Rodrygo,
59,70',Substitution,J. Solís,I. Martín,
59,70',Substitution,V. Fernández,V. Tsygankov,
59,70',Substitution,C. Stuani,A. Dovbyk,
59,68',Yellow card,Y. Couto,Foul,
59,61',Goal,Rodrygo,Vinícius Jr.,4 - 0
59,57',Substitution,B. Díaz,J. Bellingham,
59,54',Goal,J. Bellingham,,3 - 0
59,46',Substitution,P. Torre,Portu,
59,35',Goal,J. Bellingham,Vinícius Jr.,2 - 0
59,21',Yellow card,Juanpe,Foul,
59,6',Goal,Vinícius Jr.,F. Valverde,1 - 0
59,FT,Score Update,FT 4 - 0,,4
59,HT,Score Update,HT 2 - 0,,2
60,N/A,Additional Time,Additional time 2',,
60,N/A,Additional Time,Additional time 1',,
60,N/A,Additional Time,Additional time 4',,
60,N/A,Additional Time,Additional time 1',,
60,119',Goal,R. Riquelme,M. Depay,4 - 2
60,116',Substitution,S. Savić,C. Azpilicueta,
60,113',Yellow card,A. Witsel,Foul,
60,106',Substitution,F. Garcia,N. Fernández,
60,106',Substitution,D. Ceballos,E. Camavinga,
60,106',Substitution,C. Azpilicueta,R. de Paul,
60,101',Yellow card,A. Griezmann,,
60,100',Goal,A. Griezmann,,3 - 2
60,98',Substitution,P. Barrios,M. Llorente,
60,98',Substitution,M. Depay,Á. Morata,
60,90'+2,Substitution,R. Riquelme,S. Lino,
60,89',Yellow card,D. Carvajal,Foul,
60,87',Yellow card,J. Bellingham,Foul,
60,85',Yellow card,A. Tchouaméni,Foul,
60,82',Goal,Joselu,J. Bellingham,2 - 2
60,80',Substitution,Joselu,Rodrygo,
60,80',Yellow card,Koke,Foul,
60,78',Yellow card,R. de Paul,Foul,
60,73',Substitution,A. Tchouaméni,F. Valverde,
60,68',Yellow card,B. Díaz,Argument,
60,68',Yellow card,M. Hermoso,Argument,
60,66',Substitution,T. Kroos,L. Modrić,
60,66',Substitution,B. Díaz,F. Mendy,
60,58',Yellow card,Á. Morata,,
60,57',Goal,Á. Morata,,2 - 1
60,56',Substitution,N. Molina,S. Ñíguez,
60,56',Yellow card,E. Camavinga,Argument,
60,45'+1,Own goal,J. Oblak,,1 - 1
60,45',Yellow card,Vinícius Jr.,Argument,
60,39',Goal,S. Lino,,1 - 0
60,FT,Score Update,FT 2 - 2,,2
60,HT,Score Update,HT 1 - 1,,1
61,N/A,Additional Time,Additional time 4',,
61,86',Substitution,D. Ceballos,F. Valverde,
61,86',Substitution,Joselu,J. Bellingham,
61,82',Substitution,E. Camavinga,Vinícius Jr.,
61,81',Substitution,L. Modrić,T. Kroos,
61,77',Substitution,B. Díaz,Rodrygo,
61,71',Unknown,R. Araújo,Foul,
61,64',Goal,Rodrygo,,4 - 1
61,62',Yellow card,A. Rüdiger,Foul,
61,61',Substitution,J. Félix,F. Torres,
61,61',Substitution,F. López,S. Roberto,
61,61',Substitution,L. Yamal,Pedri,
61,43',Yellow card,J. Bellingham,Foul,
61,39',Yellow card,S. Roberto,Argument,
61,39',Penalty,Vinícius Jr.,,3 - 1
61,37',Yellow card,R. Araújo,Foul,
61,33',Goal,R. Lewandowski,,2 - 1
61,10',Goal,Vinícius Jr.,Rodrygo,2 - 0
61,7',Goal,Vinícius Jr.,J. Bellingham,1 - 0
61,FT,Score Update,FT 4 - 1,,4
61,HT,Score Update,HT 3 - 1,,3
62,N/A,Additional Time,Additional time 4',,
62,90'+3,Own goal,N. Fernández,,1 - 3
62,90'+1,Goal,Rodrygo,B. Díaz,0 - 3
62,83',Yellow card,J. Rodríguez,Foul,
62,80',Substitution,Á. Rodriguez,V. Tobias,
62,77',Substitution,F. Bajo,Vitolo,
62,76',Yellow card,R. Cabral,Foul,
62,71',Substitution,J. Rodríguez,Zazu,
62,71',Substitution,C. Sánchez,S. S. Cruz,
62,70',Substitution,M. Martín,N. Paz,
62,60',Substitution,R. Cabral,A. Sualdea,
62,60',Substitution,K. M. Cortés,A. E. Battioui,
62,59',Substitution,Rodrygo,E. Camavinga,
62,59',Substitution,F. Valverde,A. Güler,
62,55',Goal,B. Díaz,,0 - 2
62,54',Penalty,Joselu,,0 - 1
62,53',Yellow card,J. G. Moral,Argument,
62,FT,Score Update,FT 1 - 3,,1
62,HT,Score Update,HT 0 - 0,,0
63,N/A,Additional Time,Additional time 3',,
63,N/A,Additional Time,Additional time 2',,
63,86',Substitution,D. Ceballos,L. Modrić,
63,85',Substitution,L. Vázquez,Rodrygo,
63,83',Substitution,A. Ndiaye,A. Sánchez,
63,78',Goal,A. Rüdiger,L. Modrić,1 - 0
63,73',Substitution,A. Prats,C. Larin,
63,73',Substitution,S. Darder,D. Rodríguez,
63,73',Substitution,O. Mascarell,M. Morlanes,
63,70',Yellow card,P. Maffeo,Foul,
63,67',Substitution,Joselu,T. Kroos,
63,61',Yellow card,M. Nastasić,Off the ball foul,
63,60',Substitution,B. Díaz,Vinícius Jr.,
63,46',Substitution,T. Lato,S. V. D. Heyden,
63,45'+2,Yellow card,A. Lunin,Argument,
63,35',Yellow card,Rodrygo,Argument,
63,1',Yellow card,S. V. D. Heyden,Foul,
63,FT,Score Update,FT 1 - 0,,1
63,HT,Score Update,HT 0 - 0,,0
64,N/A,Additional Time,Additional time 5',,
64,N/A,Additional Time,Additional time 1',,
64,90',Substitution,N. Paz,D. Ceballos,
64,89',Goal,D. Ceballos,J. Bellingham,2 - 3
64,85',Goal,A. Král,A. Laïdouni,2 - 2
64,82',Substitution,B. Aaronson,K. Volland,
64,82',Substitution,C. Trimmel,J. Juranović,
64,80',Substitution,B. Díaz,Rodrygo,
64,76',Yellow card,A. Laïdouni,Foul,
64,75',Substitution,A. Laïdouni,R. Gosens,
64,75',Substitution,S. Becker,P. Jaeckel,
64,75',Substitution,A. Král,R. Khedira,
64,72',Goal,Joselu,F. Garcia,1 - 2
64,71',Substitution,A. Rüdiger,D. Alaba,
64,61',Goal,Joselu,Rodrygo,1 - 1
64,55',Yellow card,D. Alaba,Foul,
64,46',Substitution,T. Kroos,F. Valverde,
64,45'+1,Goal,K. Volland,,1 - 0
64,45',Missed penalty,L. Modrić,Goalkeeper save,
64,35',Yellow card,J. Bellingham,Argument,
64,35',Yellow card,R. Khedira,Argument,
64,FT,Score Update,FT 2 - 3,,2
64,HT,Score Update,HT 1 - 0,,1
65,N/A,Additional Time,Additional time 6',,
65,N/A,Additional Time,Additional time 1',,
65,90'+6,Yellow card,D. Ceballos,Foul,
65,83',Substitution,N. Fernández,L. Vázquez,
65,83',Substitution,N. Paz,T. Kroos,
65,83',Substitution,L. Henrique,A. Pérez,
65,82',Yellow card,A. Pérez,Argument,
65,79',Substitution,Joselu,B. Díaz,
65,78',Yellow card,A. Ruibal,Foul,
65,70',Substitution,D. Ceballos,L. Modrić,
65,70',Substitution,A. Guardado,S. Altimira,
65,66',Goal,A. Ruibal,W. José,1 - 1
65,61',Substitution,A. Diao,A. Ezzalzouli,
65,53',Goal,J. Bellingham,B. Díaz,0 - 1
65,FT,Score Update,FT 1 - 1,,1
65,HT,Score Update,HT 0 - 0,,0
66,N/A,Additional Time,Additional time 6',,
66,N/A,Additional Time,Additional time 4',,
66,90'+4,Goal,Joselu,J. Bellingham,4 - 2
66,90',Yellow card,J. Cajuste,Simulation,
66,87',Substitution,L. Vázquez,Rodrygo,
66,87',Substitution,N. Fernández,F. Mendy,
66,87',Substitution,A. Zanoli,Juan Jesus,
66,87',Substitution,G. Raspadori,S. Lobotka,
66,84',Goal,N. Paz,A. Rüdiger,3 - 2
66,78',Substitution,J. Cajuste,M. Politano,
66,65',Substitution,E. Elmas,P. Zieliński,
66,65',Substitution,N. Paz,B. Díaz,
66,57',Substitution,Joselu,D. Ceballos,
66,49',Yellow card,P. Zieliński,Foul,
66,47',Goal,F. Anguissa,,2 - 2
66,46',Substitution,V. Osimhen,G. Simeone,
66,22',Goal,J. Bellingham,D. Alaba,2 - 1
66,11',Goal,Rodrygo,B. Díaz,1 - 1
66,9',Goal,G. Simeone,G. Di Lorenzo,0 - 1
66,FT,Score Update,FT 4 - 2,,4
66,HT,Score Update,HT 2 - 1,,2
67,N/A,Additional Time,Additional time 5',,
67,N/A,Additional Time,Additional time 3',,
67,88',Substitution,F. Garcia,D. Carvajal,
67,88',Substitution,N. Paz,F. Valverde,
67,84',Yellow card,A. Rüdiger,Foul,
67,79',Substitution,D. Gil,J. Ledesma,
67,79',Substitution,B. Ocampo,J. Zaldúa,
67,78',Substitution,G. García,Rodrygo,
67,78',Substitution,L. Vázquez,J. Bellingham,
67,74',Goal,J. Bellingham,Rodrygo,0 - 3
67,71',Yellow card,J. Hernández,Foul,
67,70',Yellow card,Á. Fernández,Foul,
67,70',Substitution,D. Ceballos,L. Modrić,
67,67',Yellow card,I. Alejo,Foul,
67,66',Substitution,I. Alejo,V. Chust,
67,66',Substitution,M. Gómez,C. Ramos,
67,64',Goal,Rodrygo,L. Modrić,0 - 2
67,57',Substitution,D. Machís,R. Navarro,
67,32',Yellow card,F. Mendy,Foul,
67,14',Goal,Rodrygo,,0 - 1
67,3',Yellow card,F. Valverde,Foul,
67,FT,Score Update,FT 0 - 3,,0
67,HT,Score Update,HT 0 - 1,,0
68,N/A,Additional Time,Additional time 3',,
68,N/A,Additional Time,Additional time 2',,
68,84',Substitution,F. Garcia,F. Mendy,
68,77',Substitution,N. Paz,F. Valverde,
68,77',Substitution,Joselu,Rodrygo,
68,77',Substitution,A. Horta,Bruma,
68,77',Substitution,S. Banza,Á. Djaló,
68,74',Substitution,L. Modrić,B. Díaz,
68,74',Substitution,D. Carvajal,L. Vázquez,
68,62',Substitution,J. Mendes,V. Gómez,
68,62',Substitution,M. Al-Musrati,R. Zalazar,
68,62',Substitution,A. Ruíz,R. Horta,
68,61',Goal,Rodrygo,Vinícius Jr.,3 - 0
68,58',Goal,Vinícius Jr.,L. Vázquez,2 - 0
68,27',Goal,B. Díaz,Rodrygo,1 - 0
68,6',Missed penalty,Á. Djaló,Goalkeeper save,
68,4',Yellow card,L. Vázquez,Foul,
68,FT,Score Update,FT 3 - 0,,3
68,HT,Score Update,HT 1 - 0,,1
69,N/A,Additional Time,Additional time 7',,
69,N/A,Additional Time,Additional time 3',,
69,90'+6,Yellow card,F. Lejeune,Argument,
69,90'+6,Yellow card,A. Rüdiger,Argument,
69,90'+1,Yellow card,S. Dimitrievski,Time wasting,
69,88',Yellow card,Ó. Trejo,Foul,
69,86',Substitution,J. de Frutos,I. Palazón,
69,85',Substitution,N. Fernández,E. Camavinga,
69,75',Substitution,Bebé,Á. García,
69,75',Substitution,R. Falcao,R. de Tomás,
69,74',Yellow card,Vinícius Jr.,Argument,
69,72',Substitution,T. Kroos,F. Garcia,
69,70',Substitution,Rodrygo,L. Modrić,
69,62',Yellow card,E. Camavinga,Foul,
69,61',Substitution,K. Pérez,P. I. Ciss,
69,60',Substitution,Ó. Trejo,U. López,
69,57',Yellow card,P. I. Ciss,Foul,
69,44',Yellow card,A. Rațiu,Foul,
69,FT,Score Update,FT 0 - 0,,0
69,HT,Score Update,HT 0 - 0,,0
70,N/A,Additional Time,Additional time 4',,
70,90'+3,Yellow card,N. Fernández,Foul,
70,89',Substitution,L. Vázquez,J. Bellingham,
70,78',Substitution,J. Moutinho,M. Al-Musrati,
70,75',Substitution,F. Mendy,F. Garcia,
70,73',Substitution,D. Fonseca,J. Mendes,
70,72',Yellow card,E. Camavinga,Foul,
70,71',Substitution,A. Tchouaméni,Rodrygo,
70,67',Substitution,A. Ruíz,S. Banza,
70,66',Substitution,Bruma,V. Carvalho,
70,63',Goal,Á. Djaló,S. Banza,1 - 2
70,61',Goal,J. Bellingham,Vinícius Jr.,0 - 2
70,16',Goal,Rodrygo,,0 - 1
70,FT,Score Update,FT 1 - 2,,1
70,HT,Score Update,HT 0 - 1,,0
71,N/A,Additional Time,Additional time 7',,
71,N/A,Additional Time,Additional time 3',,
71,90'+7,Yellow card,E. Lamela,Foul,
71,90'+4,Yellow card,E. Camavinga,Foul,
71,88',Substitution,F. Garcia,F. Mendy,
71,88',Substitution,B. Díaz,Vinícius Jr.,
71,87',Substitution,R. Mir,Y. En-Nesyri,
71,87',Substitution,E. Lamela,D. Sow,
71,87',Yellow card,B. Soumaré,Foul,
71,85',Yellow card,L. Ocampos,Argument,
71,85',Yellow card,Vinícius Jr.,Argument,
71,78',Substitution,Joselu,Rodrygo,
71,78',Goal,D. Carvajal,T. Kroos,1 - 1
71,78',Yellow card,J. Navas,Argument,
71,77',Substitution,L. Badé,N. Gudelj,
71,76',Yellow card,S. Ramos,Foul,
71,74',Own goal,D. Alaba,,1 - 0
71,67',Substitution,Suso,D. Lukebakio,
71,67',Substitution,L. Modrić,F. Valverde,
71,67',Substitution,E. Camavinga,A. Tchouaméni,
71,5',VAR decision,Goal cancelled,F. Valverde,
71,FT,Score Update,FT 1 - 1,,1
71,HT,Score Update,HT 0 - 0,,0
72,N/A,Additional Time,Additional time 5',,
72,N/A,Additional Time,Additional time 1',,
72,89',Yellow card,K. Arrizabalaga,Time wasting,
72,88',Substitution,M. Rui,M. Olivera,
72,88',Substitution,G. Simeone,F. Anguissa,
72,88',Substitution,J. Cajuste,S. Lobotka,
72,84',Substitution,D. Ceballos,Vinícius Jr.,
72,78',Own goal,A. Meret,,2 - 3
72,75',Substitution,Joselu,Rodrygo,
72,75',Substitution,G. Raspadori,P. Zieliński,
72,70',Yellow card,J. Bellingham,Argument,
72,70',Substitution,E. Elmas,M. Politano,
72,65',Substitution,L. Modrić,T. Kroos,
72,64',Substitution,F. Mendy,E. Camavinga,
72,54',Penalty,P. Zieliński,,2 - 2
72,52',VAR decision,Penalty awarded,V. Osimhen,
72,45',Yellow card,Natan,Foul,
72,34',Goal,J. Bellingham,E. Camavinga,1 - 2
72,29',Yellow card,E. Camavinga,Foul,
72,27',Goal,Vinícius Jr.,J. Bellingham,1 - 1
72,19',Goal,L. Østigård,,1 - 0
72,FT,Score Update,FT 2 - 3,,2
72,HT,Score Update,HT 1 - 2,,1
73,N/A,Additional Time,Additional time 5',,
73,N/A,Additional Time,Additional time 4',,
73,90'+5,Yellow card,A. Rüdiger,Argument,
73,90'+5,Yellow card,C. Stuani,Argument,
73,90'+4,Red card,N. Fernández,Foul,
73,90'+3,VAR decision,Card changed,N. Fernández,
73,87',Substitution,B. Díaz,F. Valverde,
73,87',Substitution,L. Vázquez,Joselu,
73,87',Substitution,J. Solís,Y. Herrera,
73,84',Yellow card,K. Arrizabalaga,Time wasting,
73,79',Substitution,P. Torre,Savinho,
73,74',Substitution,D. Ceballos,J. Bellingham,
73,71',Goal,J. Bellingham,Joselu,0 - 3
73,68',Substitution,Rodrygo,Vinícius Jr.,
73,64',Yellow card,E. García,Foul,
73,60',Substitution,Portu,D. López,
73,60',Substitution,C. Stuani,A. Dovbyk,
73,46',Substitution,V. Fernández,V. Tsygankov,
73,21',Goal,A. Tchouaméni,T. Kroos,0 - 2
73,17',Goal,Joselu,J. Bellingham,0 - 1
73,FT,Score Update,FT 0 - 3,,0
73,HT,Score Update,HT 0 - 2,,0
74,N/A,Additional Time,Additional time 5',,
74,N/A,Additional Time,Additional time 2',,
74,90'+4,Goal,J. Bellingham,,1 - 0
74,83',Substitution,A. Kemlein,L. Tousart,
74,80',Substitution,B. Díaz,L. Modrić,
74,80',Substitution,D. D. Fofana,S. Becker,
74,80',Substitution,P. Jaeckel,L. Bonucci,
74,73',Substitution,F. Garcia,N. Fernández,
74,66',Substitution,B. Aaronson,A. Laïdouni,
74,66',Substitution,K. Volland,K. Behrens,
74,66',Substitution,T. Kroos,E. Camavinga,
74,66',Substitution,F. Valverde,A. Tchouaméni,
74,37',Yellow card,A. Tchouaméni,Foul,
74,1',Yellow card,L. Tousart,Foul,
74,FT,Score Update,FT 1 - 0,,1
74,HT,Score Update,HT 0 - 0,,0
75,N/A,Additional Time,Additional time 4',,
75,N/A,Additional Time,Additional time 2',,
75,90'+4,Yellow card,D. Alaba,Foul,
75,87',Substitution,L. Vázquez,F. Valverde,
75,87',Substitution,B. Díaz,Rodrygo,
75,81',Substitution,U. Sadiq,M. Oyarzabal,
75,81',Substitution,A. Zakharyan,B. Méndez,
75,81',Substitution,M. Cho,A. Barrenetxea,
75,77',Yellow card,H. Traoré,Argument,
75,74',Substitution,N. Fernández,F. Garcia,
75,71',Yellow card,F. Garcia,Foul,
75,69',Substitution,A. Muñoz,K. Tierney,
75,68',Yellow card,M. Merino,Foul,
75,62',Substitution,L. Modrić,A. Tchouaméni,
75,62',Substitution,E. Camavinga,Joselu,
75,60',Goal,Joselu,F. Garcia,2 - 1
75,46',Goal,F. Valverde,F. Garcia,1 - 1
75,33',Yellow card,A. Tchouaméni,Foul,
75,5',Goal,A. Barrenetxea,,0 - 1
75,FT,Score Update,FT 2 - 1,,2
75,HT,Score Update,HT 0 - 1,,0
76,N/A,Additional Time,Additional time 5',,
76,N/A,Additional Time,Additional time 2',,
76,90'+5,Goal,D. Vlahović,M. Soulé,3 - 1
76,90'+3,Yellow card,A. Milik,Foul,
76,89',Yellow card,E. Barrenechea,Foul,
76,83',Substitution,N. Paz,T. Kroos,
76,78',Substitution,Á. Odriozola,F. Garcia,
76,77',Substitution,B. Díaz,Vinícius Jr.,
76,77',Substitution,D. Vlahović,F. Chiesa,
76,73',Substitution,E. Barrenechea,M. Locatelli,
76,72',Substitution,D. Huijsen,Danilo,
76,72',Substitution,M. Soulé,F. Kostić,
76,67',Substitution,D. Rugani,Bremer,
76,67',Substitution,H. N. Caviglia,W. McKennie,
76,63',Substitution,D. Alaba,E. Camavinga,
76,63',Substitution,F. Valverde,L. Modrić,
76,63',Substitution,É. Militão,N. Fernández,
76,63',Substitution,A. Tchouaméni,A. Rüdiger,
76,63',Substitution,Rodrygo,Joselu,
76,63',Substitution,D. Carvajal,L. Vázquez,
76,56',Yellow card,M. Locatelli,Argument,
76,54',Yellow card,F. Gatti,Foul,
76,46',Substitution,A. Milik,M. Kean,
76,46',Substitution,F. Gatti,A. Sandro,
76,46',Substitution,C. Pinsoglio,W. Szczęsny,
76,46',Substitution,A. Cambiaso,T. Weah,
76,46',Substitution,S. I. Junior,F. Miretti,
76,38',Goal,Vinícius Jr.,T. Kroos,2 - 1
76,20',Goal,T. Weah,W. McKennie,2 - 0
76,4',Yellow card,Bremer,Foul,
76,1',Goal,M. Kean,,1 - 0
76,FT,Score Update,FT 3 - 1,,3
76,HT,Score Update,HT 2 - 1,,2
77,N/A,Additional Time,Additional time 4',,
77,N/A,Additional Time,Additional time 3',,
77,90'+1,Goal,F. Torres,F. López,3 - 0
77,85',Goal,F. López,S. Roberto,2 - 0
77,83',Substitution,B. Díaz,Rodrygo,
77,81',Yellow card,D. Alaba,Foul,
77,76',Substitution,S. Dest,A. Balde,
77,76',Substitution,A. Fati,R. Lewandowski,
77,76',Substitution,M. Alonso,F. de Jong,
77,76',Substitution,A. Ezzalzouli,R. Araújo,
77,76',Substitution,F. Torres,O. Romeu,
77,73',Substitution,Joselu,J. Bellingham,
77,71',Yellow card,O. Romeu,Foul,
77,66',Substitution,F. López,Pedri,
77,66',Substitution,Raphinha,O. Dembélé,
77,62',Yellow card,J. Koundé,Argument,
77,58',Substitution,L. Modrić,E. Camavinga,
77,58',Substitution,T. Kroos,F. Valverde,
77,45'+3,Yellow card,D. Carvajal,Argument,
77,45',Substitution,F. Garcia,F. Mendy,
77,42',Substitution,S. Roberto,İ. Gündoğan,
77,41',Yellow card,F. de Jong,Foul,
77,34',Yellow card,E. Camavinga,Foul,
77,29',Substitution,E. García,A. Christensen,
77,25',Yellow card,A. Tchouaméni,Foul,
77,20',Missed penalty,Vinícius Jr.,Woodwork,
77,15',Goal,O. Dembélé,Pedri,1 - 0
77,FT,Score Update,FT 3 - 0,,3
77,HT,Score Update,HT 1 - 0,,1
78,N/A,Additional Time,Additional time 4',,
78,90'+2,Substitution,L. Vázquez,M. Asensio,
78,85',Yellow card,D. Carvajal,Foul,
78,77',Substitution,R. García,G. Guruzeta,
78,77',Substitution,I. Muniain,O. Sancet,
78,74',Substitution,L. Modrić,K. Benzema,
78,72',Penalty,K. Benzema,,1 - 1
78,71',Yellow card,Y. Berchiche,Foul,
78,67',Substitution,U. Vencedor,M. Vesga,
78,64',Substitution,Á. Berenguer,N. Williams,
78,64',Substitution,O. Zarraga,A. Herrera,
78,58',Substitution,A. Tchouaméni,E. Camavinga,
78,58',Substitution,M. Asensio,D. Ceballos,
78,57',Yellow card,O. Sancet,Simulation,
78,55',Yellow card,D. Ceballos,Foul,
78,49',Goal,O. Sancet,,0 - 1
78,10',Missed penalty,M. Vesga,Goalkeeper save,
78,FT,Score Update,FT 1 - 1,,1
78,HT,Score Update,HT 0 - 0,,0
80,N/A,Additional Time,Additional time 5',,
80,N/A,Additional Time,Additional time 1',,
80,90'+3,Yellow card,J. Seoane,Foul,
80,84',Substitution,Á. Odriozola,E. Camavinga,
80,83',Substitution,J. Amavi,G. Álvarez,
80,83',Yellow card,J. Iglesias,Foul,
80,74',Substitution,J. Seoane,C. Aleñá,
80,70',Goal,M. Asensio,L. Vázquez,1 - 0
80,65',Substitution,F. Angileri,J. Mata,
80,65',Substitution,Á. Algobia,B. Mayoral,
80,65',Substitution,M. E. Haddadi,Portu,
80,61',Substitution,M. Díaz,D. Ceballos,
80,61',Substitution,Vinícius Jr.,E. Hazard,
80,61',Substitution,L. Modrić,F. Valverde,
80,60',Yellow card,O. Alderete,Foul,
80,46',Substitution,T. Kroos,F. Mendy,
80,41',Yellow card,E. Camavinga,Foul,
80,28',Yellow card,J. Mata,Foul,
80,FT,Score Update,FT 1 - 0,,1
80,HT,Score Update,HT 0 - 0,,0
81,N/A,Additional Time,Additional time 3',,
81,N/A,Additional Time,Additional time 2',,
81,87',Substitution,N. Fernández,L. Modrić,
81,86',Yellow card,B. Silva,Foul,
81,84',Substitution,A. Tchouaméni,T. Kroos,
81,81',Substitution,M. Asensio,Rodrygo,
81,79',Yellow card,E. Camavinga,Foul,
81,71',Yellow card,İ. Gündoğan,Foul,
81,67',Goal,K. De Bruyne,İ. Gündoğan,1 - 1
81,45'+3,Yellow card,T. Kroos,Foul,
81,36',Goal,Vinícius Jr.,E. Camavinga,1 - 0
81,FT,Score Update,FT 1 - 1,,1
81,HT,Score Update,HT 1 - 0,,1
82,N/A,Additional Time,Additional time 5',,
82,N/A,Additional Time,Additional time 1',,
82,90'+4,Yellow card,P. Ibáñez,Foul,
82,90'+4,Yellow card,T. Courtois,Time wasting,
82,90',Yellow card,F. Valverde,Foul,
82,89',Substitution,M. Asensio,Rodrygo,
82,86',Substitution,P. Ibáñez,L. Torró,
82,86',Substitution,K. García,M. Gómez,
82,83',Yellow card,K. Barja,Argument,
82,82',Substitution,L. Modrić,T. Kroos,
82,75',Substitution,R. García,R. Peña,
82,75',Substitution,K. Barja,A. Ezzalzouli,
82,75',Yellow card,E. Camavinga,Foul,
82,70',Goal,Rodrygo,,2 - 1
82,70',Substitution,C. Ávila,A. Budimir,
82,69',Substitution,A. Rüdiger,A. Tchouaméni,
82,58',Goal,L. Torró,,1 - 1
82,45',Yellow card,Vinícius Jr.,Argument,
82,41',Yellow card,É. Militão,Foul,
82,37',Yellow card,D. García,Foul,
82,21',Yellow card,J. Moncayola,Foul,
82,2',Goal,Rodrygo,Vinícius Jr.,1 - 0
82,FT,Score Update,FT 2 - 1,,2
82,HT,Score Update,HT 1 - 0,,1
83,N/A,Additional Time,Additional time 5',,
83,N/A,Additional Time,Additional time 3',,
83,90'+1,Yellow card,Rodrygo,Argument,
83,89',Substitution,Illarramendi,D. Silva,
83,87',Yellow card,N. Fernández,Foul,
83,85',Goal,A. Barrenetxea,D. Silva,2 - 0
83,82',Substitution,S. Arribas,M. Asensio,
83,79',Yellow card,D. Ceballos,Argument,
83,74',Substitution,C. Fernández,A. Sørloth,
83,74',Substitution,A. Barrenetxea,T. Kubo,
83,64',Substitution,J. Pacheco,I. Zubeldia,
83,63',Substitution,L. Vázquez,T. Kroos,
83,63',Substitution,A. Elustondo,A. Gorosabel,
83,61',Unknown,D. Carvajal,Foul,
83,59',Substitution,Á. Rodriguez,M. Díaz,
83,53',Yellow card,D. Carvajal,Argument,
83,47',Goal,T. Kubo,,1 - 0
83,22',Yellow card,A. Gorosabel,Foul,
83,FT,Score Update,FT 2 - 0,,2
83,HT,Score Update,HT 0 - 0,,0
84,N/A,Additional Time,Additional time 3',,
84,N/A,Additional Time,Additional time 2',,
84,89',Yellow card,M. Mudryk,Foul,
84,81',Substitution,N. Fernández,D. Carvajal,
84,81',Substitution,M. Asensio,Rodrygo,
84,80',Goal,Rodrygo,F. Valverde,0 - 2
84,77',Substitution,M. Mount,K. Havertz,
84,76',Substitution,D. Ceballos,T. Kroos,
84,71',Substitution,A. Tchouaméni,K. Benzema,
84,68',Substitution,M. Mudryk,M. Cucurella,
84,67',Substitution,R. Sterling,E. Fernández,
84,67',Substitution,J. Félix,C. Gallagher,
84,58',Goal,Rodrygo,Vinícius Jr.,0 - 1
84,50',Yellow card,R. James,Foul,
84,46',Substitution,A. Rüdiger,D. Alaba,
84,34',Yellow card,M. Cucurella,Foul,
84,22',Yellow card,É. Militão,Foul,
84,FT,Score Update,FT 0 - 2,,0
84,HT,Score Update,HT 0 - 0,,0
85,N/A,Additional Time,Additional time 4',,
85,N/A,Additional Time,Additional time 1',,
85,80',Substitution,L. Modrić,F. Valverde,
85,80',Substitution,E. Hazard,Rodrygo,
85,78',Substitution,Á. Negredo,C. Ramos,
85,76',Goal,M. Asensio,F. Valverde,0 - 2
85,72',Goal,N. Fernández,A. Tchouaméni,0 - 1
85,70',Substitution,Á. Fernández,F. S. E. Diaz,
85,70',Substitution,R. Martí,S. Guardiola,
85,70',Substitution,I. Alejo,R. Sobrino,
85,67',Substitution,E. Camavinga,L. Vázquez,
85,55',Substitution,J. Meré,R. Parra,
85,29',Yellow card,R. Alcaraz,Foul,
85,FT,Score Update,FT 0 - 2,,0
85,HT,Score Update,HT 0 - 0,,0
86,N/A,Additional Time,Additional time 5',,
86,87',Yellow card,M. Kovačić,Argument,
86,87',Yellow card,D. Carvajal,Foul,
86,84',Substitution,A. Tchouaméni,T. Kroos,
86,83',Yellow card,É. Militão,Foul,
86,81',Substitution,D. Ceballos,L. Modrić,
86,76',Substitution,M. Mount,T. Silva,
86,75',Substitution,C. Gallagher,N. Kanté,
86,74',Goal,M. Asensio,Vinícius Jr.,2 - 0
86,71',Substitution,A. Rüdiger,E. Camavinga,
86,71',Substitution,M. Asensio,Rodrygo,
86,65',Substitution,T. Chalobah,J. Félix,
86,65',Substitution,K. Havertz,R. Sterling,
86,59',Red card,B. Chilwell,Professional foul last man,
86,55',Substitution,M. Cucurella,K. Koulibaly,
86,21',Goal,K. Benzema,,1 - 0
86,7',Yellow card,E. Camavinga,Foul,
86,5',Yellow card,W. Fofana,Foul,
86,FT,Score Update,FT 2 - 0,,2
86,HT,Score Update,HT 1 - 0,,1
87,N/A,Additional Time,Additional time 7',,
87,N/A,Additional Time,Additional time 2',,
87,90'+1,Substitution,J. Mojica,A. Baena,
87,90'+1,Substitution,K. Femenía,S. Chukwueze,
87,84',VAR decision,Penalty cancelled,E. Camavinga,
87,80',Goal,S. Chukwueze,A. Baena,2 - 3
87,75',Substitution,E. Camavinga,D. Ceballos,
87,72',Substitution,L. Modrić,A. Tchouaméni,
87,71',VAR decision,Goal awarded,J. L. Morales,
87,70',Goal,J. L. Morales,,2 - 2
87,69',Yellow card,J. Foyth,Persistent fouling,
87,67',Substitution,A. Moreno,Y. Pino,
87,67',Substitution,J. L. Morales,G. Lo Celso,
87,59',Substitution,F. Valverde,K. Benzema,
87,48',Goal,Vinícius Jr.,D. Ceballos,2 - 1
87,46',Substitution,É. Militão,D. Alaba,
87,39',Goal,S. Chukwueze,G. Lo Celso,1 - 1
87,35',Yellow card,A. Pedraza,Foul,
87,33',Substitution,M. Trigueros,R. Terrats,
87,25',Yellow card,Y. Pino,Foul,
87,16',Own goal,P. Torres,,1 - 0
87,FT,Score Update,FT 2 - 3,,2
87,HT,Score Update,HT 1 - 1,,1
88,N/A,Additional Time,Additional time 3',,
88,N/A,Additional Time,Additional time 3',,
88,90'+2,Yellow card,A. Fati,Foul,
88,89',Substitution,N. Fernández,K. Benzema,
88,88',Yellow card,É. Militão,Foul,
88,87',Substitution,A. Tchouaméni,L. Modrić,
88,86',Yellow card,A. Balde,Argument,
88,86',Yellow card,D. Alaba,Argument,
88,85',Substitution,D. Ceballos,Vinícius Jr.,
88,84',Yellow card,R. Araújo,Argument,
88,80',Goal,K. Benzema,Vinícius Jr.,0 - 4
88,76',Yellow card,F. Torres,Foul,
88,73',Substitution,M. Asensio,Rodrygo,
88,71',Yellow card,D. Carvajal,Foul,
88,67',Yellow card,E. García,Foul,
88,66',Substitution,F. Torres,Raphinha,
88,66',Substitution,E. García,M. Alonso,
88,59',Substitution,A. Fati,F. Kessié,
88,58',Penalty,K. Benzema,,0 - 3
88,50',Goal,K. Benzema,L. Modrić,0 - 2
88,45'+1,Goal,Vinícius Jr.,K. Benzema,0 - 1
88,26',Yellow card,Gavi,Argument,
88,26',Yellow card,Vinícius Jr.,Argument,
88,10',Yellow card,S. Roberto,Foul,
88,FT,Score Update,FT 0 - 4,,0
88,HT,Score Update,HT 0 - 1,,0
89,N/A,Additional Time,Additional time 3',,
89,90'+1,Goal,L. Vázquez,E. Hazard,6 - 0
89,82',Substitution,Á. Odriozola,Rodrygo,
89,73',Goal,M. Asensio,Rodrygo,5 - 0
89,70',Substitution,S. Amallah,G. Plata,
89,69',Substitution,D. Ceballos,Vinícius Jr.,
89,69',Substitution,J. Vallejo,D. Alaba,
89,66',VAR decision,Goal cancelled,Rodrygo,
89,65',Substitution,E. Hazard,K. Benzema,
89,64',Yellow card,I. Fresneda,Foul,
89,61',Substitution,D. Torres,L. Rosa,
89,46',Substitution,Ó. Plano,Roque,
89,46',Substitution,Á. Aguado,M. Hongla,
89,46',Substitution,K. Pérez,L. Pérez,
89,36',Goal,K. Benzema,Rodrygo,4 - 0
89,32',Goal,K. Benzema,Vinícius Jr.,3 - 0
89,29',Goal,K. Benzema,Vinícius Jr.,2 - 0
89,22',Goal,Rodrygo,M. Asensio,1 - 0
89,FT,Score Update,FT 6 - 0,,6
89,HT,Score Update,HT 4 - 0,,4
90,N/A,Additional Time,Additional time 2',,
90,N/A,Additional Time,Additional time 2',,
90,90'+4,Yellow card,K. Tsimikas,Foul,
90,90'+3,VAR decision,No penalty confirmed,Rodrygo,
90,90'+1,Substitution,K. Tsimikas,A. Robertson,
90,90'+1,Substitution,F. Carvalho,C. Gakpo,
90,86',Substitution,L. Vázquez,D. Carvajal,
90,84',Substitution,A. Tchouaméni,T. Kroos,
90,84',Substitution,M. Asensio,Vinícius Jr.,
90,82',Substitution,Rodrygo,K. Benzema,
90,82',Substitution,D. Ceballos,L. Modrić,
90,78',Goal,K. Benzema,Vinícius Jr.,1 - 0
90,73',Substitution,A. Oxlade-Chamberlain,J. Milner,
90,57',Substitution,R. Firmino,D. Núñez,
90,57',Substitution,H. Elliott,D. Jota,
90,FT,Score Update,FT 1 - 0,,1
90,HT,Score Update,HT 0 - 0,,0
91,N/A,Additional Time,Additional time 5',,
91,90'+3,Goal,M. Asensio,N. Fernández,3 - 1
91,90',Substitution,Á. Rodriguez,Vinícius Jr.,
91,87',Yellow card,D. Carvajal,Time wasting,
91,86',Yellow card,D. Ceballos,Argument,
91,84',Substitution,N. Melamed,S. Gómez,
91,84',Substitution,A. Vidal,R. Pierre-Gabriel,
91,75',Substitution,D. Suárez,J. Gragera,
91,75',Substitution,J. Puado,R. Sánchez,
91,74',Substitution,A. Rüdiger,A. Tchouaméni,
91,74',Substitution,D. Ceballos,T. Kroos,
91,72',Substitution,M. Asensio,L. Modrić,
91,69',Substitution,R. Pierre-Gabriel,Ó. Gil,
91,56',Yellow card,Ó. Gil,Off the ball foul,
91,39',Goal,É. Militão,A. Tchouaméni,2 - 1
91,32',Yellow card,Vinícius Jr.,Foul,
91,22',Goal,Vinícius Jr.,T. Kroos,1 - 1
91,19',Yellow card,L. Cabrera,Foul,
91,8',Goal,Joselu,R. Sánchez,0 - 1
91,FT,Score Update,FT 3 - 1,,3
91,HT,Score Update,HT 2 - 1,,2
92,N/A,Additional Time,Additional time 5',,
92,N/A,Additional Time,Additional time 2',,
92,86',Substitution,S. Roberto,F. Kessié,
92,84',Substitution,Á. Rodriguez,L. Modrić,
92,74',Substitution,A. Tchouaméni,T. Kroos,
92,73',Yellow card,F. Valverde,Foul,
92,69',Substitution,A. Fati,Raphinha,
92,67',Substitution,Rodrygo,N. Fernández,
92,66',Yellow card,F. Kessié,Foul,
92,55',Yellow card,N. Fernández,Foul,
92,51',Yellow card,Gavi,Argument,
92,45',Yellow card,Raphinha,Foul,
92,27',VAR decision,Goal awarded,F. Kessié,
92,26',Own goal,É. Militão,,0 - 1
92,24',Yellow card,Vinícius Jr.,Foul,
92,FT,Score Update,FT 0 - 1,,0
92,HT,Score Update,HT 0 - 1,,0
93,N/A,Additional Time,Additional time 5',,
93,N/A,Additional Time,Additional time 1',,
93,90',Yellow card,L. Modrić,Foul,
93,85',Goal,Á. Rodriguez,L. Modrić,1 - 1
93,83',Substitution,L. Vázquez,D. Carvajal,
93,78',Goal,J. M. Giménez,A. Griezmann,0 - 1
93,77',Substitution,Á. Rodriguez,N. Fernández,
93,77',Substitution,A. Witsel,Koke,
93,76',Substitution,Á. Morata,S. Ñíguez,
93,71',Yellow card,N. Molina,Foul,
93,64',Red card,Á. Correa,Violent conduct,
93,63',Substitution,A. Tchouaméni,M. Asensio,
93,63',Substitution,E. Camavinga,T. Kroos,
93,63',Substitution,L. Modrić,D. Ceballos,
93,57',Substitution,T. Lemar,M. Llorente,
93,56',Yellow card,N. Fernández,Foul,
93,46',Substitution,Á. Correa,P. Barrios,
93,36',Yellow card,M. Llorente,Foul,
93,23',Substitution,J. M. Giménez,R. Mandava,
93,22',Yellow card,Koke,Foul,
93,7',Yellow card,É. Militão,Foul,
93,FT,Score Update,FT 1 - 1,,1
93,HT,Score Update,HT 0 - 0,,0
94,N/A,Additional Time,Additional time 3',,
94,N/A,Additional Time,Additional time 3',,
94,90'+3,Yellow card,H. Elliott,Argument,
94,87',Substitution,T. Kroos,L. Modrić,
94,87',Substitution,M. Asensio,K. Benzema,
94,85',Substitution,H. Elliott,S. Bajčetić,
94,81',Substitution,D. Ceballos,Rodrygo,
94,73',Substitution,J. Milner,J. Henderson,
94,73',Substitution,J. Matip,J. Gomez,
94,67',Goal,K. Benzema,Vinícius Jr.,2 - 5
94,64',Substitution,D. Jota,D. Núñez,
94,64',Substitution,R. Firmino,C. Gakpo,
94,60',Yellow card,Vinícius Jr.,,
94,55',Goal,K. Benzema,Rodrygo,2 - 4
94,47',Goal,É. Militão,L. Modrić,2 - 3
94,36',Goal,Vinícius Jr.,,2 - 2
94,27',Substitution,N. Fernández,D. Alaba,
94,21',Goal,Vinícius Jr.,K. Benzema,2 - 1
94,14',Goal,M. Salah,,2 - 0
94,4',Goal,D. Núñez,M. Salah,1 - 0
94,FT,Score Update,FT 2 - 5,,2
94,HT,Score Update,HT 2 - 2,,2
95,N/A,Additional Time,Additional time 2',,
95,90'+2,Goal,M. Asensio,Á. Rodriguez,0 - 2
95,90'+1,VAR decision,Goal cancelled,Vinícius Jr.,
95,87',Substitution,Á. Rodriguez,Rodrygo,
95,85',Substitution,K. Barja,A. Ezzalzouli,
95,85',Substitution,K. García,L. Torró,
95,78',Goal,F. Valverde,Vinícius Jr.,0 - 1
95,76',Substitution,D. Carvajal,N. Fernández,
95,72',Substitution,A. Oroz,D. Brašanac,
95,66',Substitution,M. Asensio,D. Ceballos,
95,63',Substitution,D. Moreno,R. García,
95,45'+3,Yellow card,Vinícius Jr.,Argument,
95,45'+3,Yellow card,M. Gómez,Argument,
95,45'+1,Yellow card,J. Moncayola,Foul,
95,5',Yellow card,L. Torró,Foul,
95,-,Yellow card,N. Fernández,Argument,
95,FT,Score Update,FT 0 - 2,,0
95,HT,Score Update,HT 0 - 0,,0
96,N/A,Additional Time,Additional time 7',,
96,N/A,Additional Time,Additional time 2',,
96,87',Substitution,A. Al-Hamdan,L. Vietto,
96,86',Substitution,O. Ighalo,M. Marega,
96,79',Substitution,J. Vallejo,D. Carvajal,
96,79',Goal,L. Vietto,Michael,5 - 3
96,75',Substitution,N. Al-Dawsari,S. Al-Dawsari,
96,75',Substitution,Michael,A. Carrillo,
96,74',Substitution,M. Asensio,T. Kroos,
96,74',Substitution,N. Fernández,L. Modrić,
96,69',Goal,Vinícius Jr.,D. Ceballos,5 - 2
96,63',Goal,L. Vietto,S. Abdulhamid,4 - 2
96,62',Substitution,D. Ceballos,A. Tchouaméni,
96,62',Substitution,Rodrygo,K. Benzema,
96,58',Goal,F. Valverde,D. Carvajal,4 - 1
96,54',Goal,K. Benzema,Vinícius Jr.,3 - 1
96,26',Goal,M. Marega,M. Kanno,2 - 1
96,18',Goal,F. Valverde,,2 - 0
96,13',Goal,Vinícius Jr.,K. Benzema,1 - 0
96,FT,Score Update,FT 5 - 3,,5
96,HT,Score Update,HT 2 - 1,,2
97,N/A,Additional Time,Additional time 8',,
97,N/A,Additional Time,Additional time 1',,
97,90'+2,Yellow card,A. Raíllo,Off the ball foul,
97,90'+2,Substitution,C. Grenier,I. R. d. Galarreta,
97,90',Yellow card,M. Díaz,Foul,
97,87',Yellow card,P. Maffeo,Foul,
97,81',Yellow card,L. Modrić,Foul,
97,80',Yellow card,I. R. d. Galarreta,Foul,
97,78',Substitution,A. Sánchez,K. Lee,
97,78',Substitution,R. Battaglia,I. Baba,
97,72',Yellow card,A. Ndiaye,Foul,
97,72',VAR decision,Reviewed,P. Maffeo,
97,71',Substitution,D. Alaba,D. Ceballos,
97,71',Substitution,T. Kroos,A. Tchouaméni,
97,71',Substitution,M. Díaz,M. Asensio,
97,68',Substitution,A. Ndiaye,D. Rodríguez,
97,64',Substitution,L. Modrić,F. Valverde,
97,64',Yellow card,F. Valverde,Foul,
97,61',Yellow card,J. Costa,Foul,
97,60',Missed penalty,M. Asensio,Goalkeeper save,
97,45'+2,Yellow card,D. Ceballos,Argument,
97,44',Yellow card,Vinícius Jr.,Off the ball foul,
97,13',Own goal,N. Fernández,,1 - 0
97,FT,Score Update,FT 1 - 0,,1
97,HT,Score Update,HT 1 - 0,,1
98,N/A,Additional Time,Additional time 2',,
98,N/A,Additional Time,Additional time 1',,
98,N/A,Additional Time,Additional time 5',,
98,N/A,Additional Time,Additional time 2',,
98,120'+1,Goal,Vinícius Jr.,D. Ceballos,3 - 1
98,115',Substitution,Á. Odriozola,N. Fernández,
98,115',Substitution,M. Martín,Rodrygo,
98,103',Goal,K. Benzema,Vinícius Jr.,2 - 1
98,99',Unknown,S. Savić,Foul,
98,97',Yellow card,Vinícius Jr.,Argument,
98,97',Yellow card,S. Savić,Argument,
98,91',Substitution,P. Barrios,A. Griezmann,
98,83',Substitution,S. Ñíguez,Koke,
98,83',Substitution,G. Kondogbia,R. de Paul,
98,79',Goal,Rodrygo,L. Modrić,1 - 1
98,74',Substitution,Y. Carrasco,T. Lemar,
98,74',Substitution,M. Depay,Á. Correa,
98,74',Substitution,M. Asensio,T. Kroos,
98,69',Substitution,Rodrygo,F. Valverde,
98,69',Yellow card,D. Ceballos,Foul,
98,63',Substitution,A. Witsel,Á. Morata,
98,62',Yellow card,M. Hermoso,Foul,
98,54',Yellow card,R. Mandava,Foul,
98,44',Yellow card,R. de Paul,Foul,
98,44',Substitution,D. Ceballos,F. Mendy,
98,19',Goal,Á. Morata,N. Molina,0 - 1
98,-,Yellow card,Koke,Argument,
98,FT,Score Update,FT 1 - 1,,1
98,HT,Score Update,HT 0 - 1,,0
99,N/A,Additional Time,Additional time 4',,
99,N/A,Additional Time,Additional time 1',,
99,90',Goal,T. Kroos,Rodrygo,0 - 2
99,88',Yellow card,A. Herrera,Foul,
99,86',Substitution,R. García,M. Vesga,
99,85',Substitution,T. Kroos,D. Ceballos,
99,83',Substitution,Rodrygo,Vinícius Jr.,
99,79',Yellow card,Vinícius Jr.,Foul,
99,76',Substitution,Í. Lekue,Ó. de Marcos,
99,73',Substitution,L. Modrić,M. Asensio,
99,67',Substitution,I. Muniain,O. Sancet,
99,67',Substitution,A. Herrera,O. Zarraga,
99,67',Substitution,G. Guruzeta,Á. Berenguer,
99,62',Yellow card,E. Camavinga,Foul,
99,58',Yellow card,D. Vivian,Foul,
99,50',Yellow card,Y. Berchiche,Foul,
99,24',Goal,K. Benzema,M. Asensio,0 - 1
99,FT,Score Update,FT 0 - 2,,0
99,HT,Score Update,HT 0 - 1,,0
100,N/A,Additional Time,Additional time 5',,
100,N/A,Additional Time,Additional time 3',,
100,90'+5,Yellow card,D. Parejo,Foul,
100,90'+3,Yellow card,A. Rüdiger,Foul,
100,90',Yellow card,Vinícius Jr.,Time wasting,
100,88',Yellow card,P. Torres,Foul,
100,86',Goal,D. Ceballos,M. Asensio,2 - 3
100,85',Yellow card,A. Baena,Foul,
100,72',Yellow card,F. Valverde,Foul,
100,69',Goal,É. Militão,,2 - 2
100,68',Substitution,J. L. Morales,Y. Pino,
100,57',Goal,Vinícius Jr.,D. Ceballos,2 - 1
100,56',Substitution,M. Asensio,Rodrygo,
100,56',Substitution,D. Ceballos,T. Kroos,
100,52',Substitution,A. Mandi,J. Foyth,
100,46',Substitution,J. Cuenca,R. Albiol,
100,42',Goal,S. Chukwueze,G. Moreno,2 - 0
100,36',Yellow card,E. Camavinga,Foul,
100,8',Yellow card,É. Capoue,Foul,
100,4',Goal,É. Capoue,G. Moreno,1 - 0
100,-,Yellow card,P. Reina,Argument,
100,FT,Score Update,FT 2 - 3,,2
100,HT,Score Update,HT 2 - 0,,2
